[16May2026 01:13:05.315] [main/INFO] [cpw.mods.modlauncher.Launcher/MODLAUNCHER]: ModLauncher running: args [--launchTarget, forgeserver, --fml.forgeVersion, 47.4.10, --fml.mcVersion, 1.20.1, --fml.forgeGroup, net.minecraftforge, --fml.mcpVersion, 20230612.114412, nogui]
[16May2026 01:13:05.321] [main/INFO] [cpw.mods.modlauncher.Launcher/MODLAUNCHER]: ModLauncher 10.0.9+10.0.9+main.dcd20f30 starting: java version 17.0.18 by Ubuntu; OS Linux arch amd64 version 6.8.0-1044-azure
[16May2026 01:13:22.672] [main/INFO] [net.minecraftforge.fml.loading.ImmediateWindowHandler/]: ImmediateWindowProvider not loading because launch target is forgeserver
[16May2026 01:13:22.690] [main/WARN] [CrashAssistantJarInJarHelper/]: launchTarget: forgeserver. Crash Assistant is client only mod. Mod will do nothing!
[16May2026 01:13:22.933] [main/INFO] [mixin/]: SpongePowered MIXIN Subsystem Version=0.8.5 Source=union:/workspaces/PROYECTO-DE-RESPONSABILIDAD-SOCIAL-RSU/servidor_minecraft/libraries/org/spongepowered/mixin/0.8.5/mixin-0.8.5.jar%2365!/ Service=ModLauncher Env=SERVER
[16May2026 01:13:23.642] [main/WARN] [net.minecraftforge.fml.loading.moddiscovery.ModDiscoverer/SCAN]: Locator {mods folder locator at /workspaces/PROYECTO-DE-RESPONSABILIDAD-SOCIAL-RSU/servidor_minecraft/mods} returned 4 files which are client-side-only mods, but we're on a dedicated server. They will be skipped!
[16May2026 01:13:24.027] [main/WARN] [net.minecraftforge.fml.loading.moddiscovery.ModFileParser/LOADING]: Mod file /workspaces/PROYECTO-DE-RESPONSABILIDAD-SOCIAL-RSU/servidor_minecraft/libraries/net/minecraftforge/fmlcore/1.20.1-47.4.10/fmlcore-1.20.1-47.4.10.jar is missing mods.toml file
[16May2026 01:13:24.029] [main/WARN] [net.minecraftforge.fml.loading.moddiscovery.ModFileParser/LOADING]: Mod file /workspaces/PROYECTO-DE-RESPONSABILIDAD-SOCIAL-RSU/servidor_minecraft/libraries/net/minecraftforge/javafmllanguage/1.20.1-47.4.10/javafmllanguage-1.20.1-47.4.10.jar is missing mods.toml file
[16May2026 01:13:24.030] [main/WARN] [net.minecraftforge.fml.loading.moddiscovery.ModFileParser/LOADING]: Mod file /workspaces/PROYECTO-DE-RESPONSABILIDAD-SOCIAL-RSU/servidor_minecraft/libraries/net/minecraftforge/lowcodelanguage/1.20.1-47.4.10/lowcodelanguage-1.20.1-47.4.10.jar is missing mods.toml file
[16May2026 01:13:24.031] [main/WARN] [net.minecraftforge.fml.loading.moddiscovery.ModFileParser/LOADING]: Mod file /workspaces/PROYECTO-DE-RESPONSABILIDAD-SOCIAL-RSU/servidor_minecraft/libraries/net/minecraftforge/mclanguage/1.20.1-47.4.10/mclanguage-1.20.1-47.4.10.jar is missing mods.toml file
[16May2026 01:13:25.240] [main/WARN] [net.minecraftforge.jarjar.selection.JarSelector/]: Attempted to select a dependency jar for JarJar which was passed in as source: curios. Using Mod File: /workspaces/PROYECTO-DE-RESPONSABILIDAD-SOCIAL-RSU/servidor_minecraft/mods/curios-forge-5.14.1+1.20.1.jar
[16May2026 01:13:25.240] [main/INFO] [net.minecraftforge.fml.loading.moddiscovery.JarInJarDependencyLocator/]: Found 59 dependencies adding them to mods collection
[16May2026 01:13:31.322] [main/INFO] [mixin/]: Compatibility level set to JAVA_17
[16May2026 01:13:31.345] [main/ERROR] [mixin/]: Mixin config betternether.mixins.common.json does not specify "minVersion" property
[16May2026 01:13:31.348] [main/ERROR] [mixin/]: Mixin config betternether.mixins.client.json does not specify "minVersion" property
[16May2026 01:13:31.411] [main/ERROR] [mixin/]: Mixin config copperagebackport.forge.mixins.json does not specify "minVersion" property
[16May2026 01:13:31.857] [main/ERROR] [mixin/]: Mixin config riding_partners-common.mixins.json does not specify "minVersion" property
[16May2026 01:13:32.139] [main/INFO] [mixin/]: Successfully loaded Mixin Connector [ca.spottedleaf.starlight.mixin.MixinConnector]
[16May2026 01:13:32.139] [main/INFO] [cpw.mods.modlauncher.LaunchServiceHandler/MODLAUNCHER]: Launching target 'forgeserver' with arguments [nogui]
[16May2026 01:13:32.314] [main/INFO] [C2ME Modules Manager/]: Initializing com.ishland.c2me.fixes.worldgen.threading_issues.mixin
[16May2026 01:13:32.823] [main/WARN] [mixin/]: Reference map 'parcool_compat_addon.refmap.json' for parcool_compat_addon.mixins.json could not be read. If this is a development environment you can ignore this message
[16May2026 01:13:32.823] [main/INFO] [C2ME Modules Manager/]: Initializing com.ishland.c2me.rewrites.chunk_serializer.mixin
[16May2026 01:13:32.824] [main/INFO] [C2ME Config System/]: Disabling config ioSystem.gcFreeChunkSerializer: Incompatible with architectury@9.2.14 (*) (defined in c2me)
[16May2026 01:13:32.825] [main/INFO] [C2ME Modules Manager/]: Disabling com.ishland.c2me.rewrites.chunk_serializer.mixin
[16May2026 01:13:32.840] [main/INFO] [C2ME Modules Manager/]: Initializing com.ishland.c2me.fixes.general.threading_issues.mixin
[16May2026 01:13:32.917] [main/INFO] [ModernFix/]: Loaded configuration file for ModernFix 5.26.2+mc1.20.1: 98 options available, 4 override(s) found
[16May2026 01:13:32.918] [main/WARN] [ModernFix/]: Option 'mixin.bugfix.paper_chunk_patches' overriden (by mods [c2me]) to 'false'
[16May2026 01:13:32.918] [main/WARN] [ModernFix/]: Option 'mixin.bugfix.chunk_deadlock' overriden (by mods [c2me]) to 'false'
[16May2026 01:13:32.918] [main/WARN] [ModernFix/]: Option 'mixin.perf.cache_strongholds' overriden (by mods [c2me]) to 'false'
[16May2026 01:13:32.918] [main/WARN] [ModernFix/]: Option 'mixin.perf.thread_priorities' overriden (by mods [smoothboot]) to 'false'
[16May2026 01:13:32.919] [main/INFO] [ModernFix/]: Applying Nashorn fix
[16May2026 01:13:32.933] [main/INFO] [ModernFix/]: Applied Forge config corruption patch
[16May2026 01:13:32.953] [main/INFO] [C2ME Modules Manager/]: Initializing com.ishland.c2me.base.mixin
[16May2026 01:13:33.139] [main/INFO] [Embeddium/]: Loaded configuration file for Embeddium: 279 options available, 0 override(s) found
[16May2026 01:13:33.152] [main/WARN] [mixin/]: Reference map 'lmft-common-refmap.json' for lmft-common.mixins.json could not be read. If this is a development environment you can ignore this message
[16May2026 01:13:33.286] [main/WARN] [mixin/]: Reference map 'yungsextras.refmap.json' for yungsextras.mixins.json could not be read. If this is a development environment you can ignore this message
[16May2026 01:13:33.288] [main/WARN] [mixin/]: Reference map 'yungsextras.refmap.json' for yungsextras_forge.mixins.json could not be read. If this is a development environment you can ignore this message
[16May2026 01:13:33.312] [main/WARN] [mixin/]: Reference map 'nitrogen_internals.refmap.json' for nitrogen_internals.mixins.json could not be read. If this is a development environment you can ignore this message
[16May2026 01:13:33.342] [main/INFO] [C2ME Modules Manager/]: Initializing com.ishland.c2me.threading.lighting.mixin
[16May2026 01:13:33.403] [main/WARN] [mixin/]: Reference map 'puzzlesaccessapi.common.refmap.json' for puzzlesaccessapi.common.mixins.json could not be read. If this is a development environment you can ignore this message
[16May2026 01:13:33.407] [main/INFO] [C2ME Modules Manager/]: Initializing com.ishland.c2me.opts.worldgen.vanilla.mixin
[16May2026 01:13:33.410] [main/INFO] [C2ME Modules Manager/]: Initializing com.ishland.c2me.opts.scheduling.mixin
[16May2026 01:13:33.463] [main/INFO] [C2ME Modules Manager/]: Initializing com.ishland.c2me.notickvd.mixin
[16May2026 01:13:33.494] [main/INFO] [C2ME Modules Manager/]: Initializing com.ishland.c2me.threading.worldgen.mixin
[16May2026 01:13:33.495] [main/INFO] [C2ME Modules Manager/]: Disabling com.ishland.c2me.threading.worldgen.mixin
[16May2026 01:13:33.521] [main/INFO] [Puzzles Lib/]: Loading 234 mods:
	- additionalstructures 4.2.2
	- aether 1.20.1-1.5.2-neoforge
		|-- cumulus_menus 1.20.1-1.0.1-neoforge
		\-- nitrogen_internals 1.20.1-1.0.12-neoforge
	- aiimprovements 0.5.2
	- alexsmobs 1.22.9
	- almanac 1.0.2
	- alternate_current 1.7.0
	- amendments 1.20-2.2.5
	- ancient_elements 1.4.5
	- animal_feeding_trough 1.1.0+1.20.1-forge
	- architectury 9.2.14
	- atistructures 1.4.0
	- balm 7.3.38
		\-- kuma_api 20.1.12
	- bclib 20.0.9
	- beautify 2.0.2
	- bettercaves 1.20.1-Forge-2.0.5
	- betterchunkloading 1.20.1-5.4
	- betterdeserttemples 1.20-Forge-3.0.3
	- betterdungeons 1.20-Forge-4.0.4
	- betterendisland 1.20-Forge-2.0.6
	- betterfortresses 1.20-Forge-2.0.6
	- betterjungletemples 1.20-Forge-2.0.5
	- bettermineshafts 1.20-Forge-4.0.4
	- betternether 20.0.10
	- betteroceanmonuments 1.20-Forge-3.0.4
	- betterstrongholds 1.20-Forge-4.0.3
	- bettervillage 3.3.1
	- betterwitchhuts 1.20-Forge-3.0.3
	- biomesoplenty 19.0.0.96
	- biomeswevegone 1.7.5
	- c2me 0.2.0+alpha.13
		|-- c2me_base 0.2.0+alpha.13
		|-- c2me_client_uncapvd 0.2.0+alpha.13
		|-- c2me_fixes_chunkio_threading_issues 0.2.0+alpha.13
		|-- c2me_fixes_general_threading_issues 0.2.0+alpha.13
		|-- c2me_fixes_worldgen_threading_issues 0.2.0+alpha.13
		|-- c2me_fixes_worldgen_vanilla_bugs 0.2.0+alpha.13
		|-- c2me_notickvd 0.2.0+alpha.13
		|-- c2me_opts_allocs 0.2.0+alpha.13
		|-- c2me_opts_chunk_access 0.2.0+alpha.13
		|-- c2me_opts_chunkio 0.2.0+alpha.13
		|-- c2me_opts_math 0.2.0+alpha.13
		|-- c2me_opts_scheduling 0.2.0+alpha.13
		|-- c2me_opts_worldgen_general 0.2.0+alpha.13
		|-- c2me_opts_worldgen_vanilla 0.2.0+alpha.13
		|-- c2me_rewrites_chunk_serializer 0.2.0+alpha.13
		|-- c2me_rewrites_chunkio 0.2.0+alpha.13
		|-- c2me_server_utils 0.2.0+alpha.13
		|-- c2me_threading_chunkio 0.2.0+alpha.13
		|-- c2me_threading_lighting 0.2.0+alpha.13
		\-- c2me_threading_worldgen 0.2.0+alpha.13
	- caelus 3.2.0+1.20.1
	- carbonconfig 1.20-1.2.8.2
	- charmofundying 6.5.0+1.20.1
	- chloride 1.7.5
	- chunksending 1.20.1-2.8
	- chunky 1.3.146
	- citadel 2.6.3
	- cleanswing 1.8
	- cloth_config 11.1.136
	- clumps 12.0.0.4
	- cobweb 1.0.1
	- connectedglass 1.1.14
	- connectivity 1.20.1-7.6
	- copperagebackport 0.1.4
	- corgilib 4.0.3.4
	- coroutil 1.20.1-1.3.7
	- crash_assistant 1.11.3
	- culllessleaves 1.20.1-1.0.5
	- cupboard 1.20.1-3.5
	- curios 5.14.1+1.20.1
	- deep_aether 1.20.1-1.1.7
		\-- aeroblender 1.20.1-1.0.2-rc1-neoforge
	- deeperdarker 1.3.3
	- dungeonnowloading 2.2
	- dungeons_arise 2.1.58-1.20.x
	- dungeons_arise_seven_seas 1.0.2
	- dungeons_enhanced 5.4.3
	- easyshulkerboxes 8.0.2
	- ecologics 2.2.4
	- elytraslot 6.4.4+1.20.1
		\-- mixinsquared 0.1.2-beta.6
	- embeddium 0.3.31+mc1.20.1
		\-- rubidium 0.7.1
	- equipmentcompare 1.3.7
	- extra_dungeons 1.0.7
	- extra_ores 1.1.1
	- fantasyfurniture 9.0.0
		|-- apexcore 10.0.0
		\-- commonality 7.0.0
	- fastasyncworldsave 1.20.1-2.6
	- fastload 3.4.0
	- ferritecore 6.0.1
	- fetzisdisplays 1.1.0
	- forge 47.4.10
	- fusion 1.2.12
	- geckolib 4.8.3
	- getittogetherdrops 1.3
	- glitchcore 0.0.1.1
	- gpumemleakfix 1.20.1-1.8
	- guardvillagers 1.20.1-1.6.17
	- horseshoes 1.0.1
	- iceandfire 2.1.13-1.20.1
	- iceberg 1.1.25
	- illagerinvasion 8.0.7
	- immediatelyfast 1.5.4+1.20.4
	- immersive_optimization 0.1.4
	- ironbows 1.20.1-FORGE-1.10
	- ironchests 5.0.2
		\-- resourcefullib 2.0.6
	- ironfurnaces 4.1.8
	- jade 11.13.2+forge
	- jei 15.20.0.130
	- jeresources 1.4.0.247
	- journeymap 5.10.3
	- kotlinforforge 4.12.0
	- krypton 0.2.3
	- leaky 1.20.1-2.3
	- legendary_monsters 1.20.1
	- letmedespawn 1.5.0
	- libraryferret 4.0.0
	- limitedchunks 1.8
	- lmft 1.0.4+1.20.1
	- logbegone 1.0.8
	- mbs 1.0.3
	- mcwbridges 3.1.2
	- mcwdoors 1.1.5
	- mcwfences 1.2.1
	- mcwfurnitures 3.4.1
	- mcwlights 1.1.5
	- mcwpaintings 1.1.0
	- mcwpaths 1.1.1
	- mcwroofs 2.3.2
	- mcwstairs 1.0.2
	- mcwtrpdoors 1.1.5
	- mcwwindows 2.4.2
	- memoryleakfix 1.1.5
	- mes 2.0.3
	- metalbundles 8.0.2
		\-- puzzlesapi 8.1.6
	- minecraft 1.20.1
	- minopp 1.4.0+1.20.1+forge
	- mns 2.0.4
	- modernfix 5.26.2+mc1.20.1
	- modfixer 0.0.5
	- moogs_structures 1.1.0-1.20-1.20.4
	- moonlight 1.20-2.16.32
	- morevanillapotions 1.20.1-1.9.1
	- morevanillashields 1.1.5-1.20.1
	- mousetweaks 2.25.1
	- mowziesmobs 1.8.2
	- mr_dungeons_andtaverns 3.0.3.f
	- mss 2.1.0
	- mtr 1.1.3
	- mvs 5.0.6
	- naturalist 5.0pre5
		\-- midnightlib 1.4.2
	- noisium 2.3.0+mc1.20-1.20.1
	- ohthetreesyoullgrow 1.6.0
	- openloader 19.0.5
	- overflowingbars 8.0.1
	- overweight_farming 1.20.1-2.1.0-forge
	- pamhc2crops 1.0.3
	- pamhc2foodcore 1.0.5
	- parcool 3.4.3.3
	- parcool_compat_addon 1.1
	- patchouli 1.20.1-85-FORGE
	- platform 1.3.3
	- polymorph 0.49.10+1.20.1
		\-- spectrelib 0.13.17+1.20.1
	- polytone 1.20-3.5.26
	- puzzleslib 8.1.33
		\-- puzzlesaccessapi 20.1.1
	- pv_dav_darker_structures 1.1
	- raided 0.1.6
	- ravageandcabbage 1.2.3
	- recipeessentials 1.20.1-4.0
	- recruits 1.15.0
	- regions_unexplored 0.5.6
	- repurposed_structures 7.1.23+1.20.1-forge
	- repurposedend 2.0-1.20.1
	- riding_partners 1.0.0
	- servercore 1.5.2+1.20.1
	- simply_light_sources 1.3.0
	- simplyswords 1.56.0-1.20.1
	- smoothboot 0.0.4
	- sodiumoptionsapi 1.0.10
		\-- fabric_api_base 0.4.31+ef105b4977
	- sophisticatedbackpacks 3.24.39.1743
	- sophisticatedcore 1.3.35.1851
	- soul_fire_d 4.0.11
	- spartanaether 1.1.1
	- spartanfire 2.1.0
	- spartanshields 3.1.1
	- spartantoolkit 1.20.1-1.6.1
	- spartantwilight 1.20.1-3.1.1
	- spartanweaponry 3.2.1
	- spears 1.4.7
	- spelunkers_charm 3.6.0
	- stackablepotions 1.0.0
	- starlight 1.1.2+forge.1cda73c
	- stone_armor 1.0.0
	- stoneworks 8.0.0
	- structure_gel 2.16.2
	- structureessentials 1.20.1-4.8
	- supermartijn642corelib 1.1.21
	- supplementaries 1.20-3.1.43
	- tacz 1.1.8
		\-- simplebedrockmodel 2.2.2-forge+mc1.20.1
	- takesapillage 1.0.3
	- taxcp 1.0.1
	- terrablender 3.0.1.10
	- terralith 2.5.4
	- terramity 0.9.8
	- the_pillager_legion_ 1.7.3
	- tombstone 9.0.10
	- too_many_bows 4.0.1
	- trashslot 15.1.5
	- trials 2.3.4
	- twilightforest 4.3.2508
	- vanillabackport 1.1.7.2
	- vanillin 1.1.3
		\-- flywheel 1.0.4
	- variantvanillablocks 1.3.6
	- visualworkbench 8.0.1
	- watut 1.20.1-1.2.3
	- workers 1.7.9.1
	- wunderlib 20.0.1
	- xtraarrows 3.0.12
	- yungsapi 1.20-Forge-4.0.6
	- yungsbridges 1.20-Forge-4.0.3
	- yungscavebiomes 1.20.1-Forge-2.0.5
	- yungsextras 1.20-Forge-4.0.3
[16May2026 01:13:33.617] [main/WARN] [mixin/]: Reference map 'cobweb.refmap.json' for cobweb.mixins.json could not be read. If this is a development environment you can ignore this message
[16May2026 01:13:33.620] [main/WARN] [mixin/]: Reference map 'cobweb.refmap.json' for cobweb.forge.mixins.json could not be read. If this is a development environment you can ignore this message
[16May2026 01:13:33.627] [main/INFO] [C2ME Modules Manager/]: Initializing com.ishland.c2me.opts.math.mixin
[16May2026 01:13:33.651] [main/INFO] [C2ME Modules Manager/]: Initializing com.ishland.c2me.fixes.worldgen.vanilla_bugs.mixin
[16May2026 01:13:33.657] [main/WARN] [mixin/]: Reference map 'riding_partners.refmap.json' for riding_partners.mixins.json could not be read. If this is a development environment you can ignore this message
[16May2026 01:13:33.671] [main/INFO] [C2ME Modules Manager/]: Initializing com.ishland.c2me.fixes.chunkio.threading_issues.mixin
[16May2026 01:13:33.675] [main/INFO] [C2ME Modules Manager/]: Initializing com.ishland.c2me.client.uncapvd.mixin
[16May2026 01:13:33.747] [main/INFO] [C2ME Modules Manager/]: Initializing com.ishland.c2me.rewrites.chunkio.mixin
[16May2026 01:13:33.748] [main/INFO] [C2ME Modules Manager/]: Disabling com.ishland.c2me.rewrites.chunkio.mixin
[16May2026 01:13:33.755] [main/INFO] [C2ME Modules Manager/]: Initializing com.ishland.c2me.opts.allocs.mixin
[16May2026 01:13:33.763] [main/WARN] [mixin/]: Reference map 'trashslot.refmap.json' for trashslot.mixins.json could not be read. If this is a development environment you can ignore this message
[16May2026 01:13:33.774] [main/WARN] [mixin/]: Reference map 'limitedchunks.refmap.json' for limitedchunks.mixins.json could not be read. If this is a development environment you can ignore this message
[16May2026 01:13:33.824] [main/INFO] [C2ME Modules Manager/]: Initializing com.ishland.c2me.threading.chunkio.mixin
[16May2026 01:13:33.850] [main/INFO] [C2ME Modules Manager/]: Initializing com.ishland.c2me.opts.chunk_access.mixin
[16May2026 01:13:33.909] [main/WARN] [mixin/]: Reference map 'simplyswords-forge-refmap.json' for simplyswords.mixins.json could not be read. If this is a development environment you can ignore this message
[16May2026 01:13:33.961] [main/INFO] [C2ME Modules Manager/]: Initializing com.ishland.c2me.server.utils.mixin
[16May2026 01:13:33.980] [main/INFO] [C2ME Modules Manager/]: Initializing com.ishland.c2me.opts.worldgen.general.mixin
[16May2026 01:13:33.984] [main/INFO] [C2ME Modules Manager/]: Initializing com.ishland.c2me.opts.chunkio.mixin
[16May2026 01:13:33.993] [main/WARN] [mixin/]: Reference map 'coroutil.refmap.json' for coroutil.mixins.json could not be read. If this is a development environment you can ignore this message
[16May2026 01:13:34.036] [main/WARN] [mixin/]: Reference map 'apexcore.refmap.json' for apexcore.mixins.json could not be read. If this is a development environment you can ignore this message
[16May2026 01:13:35.297] [main/WARN] [mixin/]: Error loading class: vectorwing/farmersdelight/common/block/TomatoVineBlock (java.lang.ClassNotFoundException: vectorwing.farmersdelight.common.block.TomatoVineBlock)
[16May2026 01:13:35.438] [main/ERROR] [net.minecraftforge.fml.loading.RuntimeDistCleaner/DISTXFORM]: Attempted to load class net/minecraft/client/renderer/block/BlockRenderDispatcher for invalid dist DEDICATED_SERVER
[16May2026 01:13:35.439] [main/WARN] [mixin/]: Error loading class: net/minecraft/client/renderer/block/BlockRenderDispatcher (java.lang.RuntimeException: Attempted to load class net/minecraft/client/renderer/block/BlockRenderDispatcher for invalid dist DEDICATED_SERVER)
[16May2026 01:13:35.439] [main/WARN] [mixin/]: @Mixin target net.minecraft.client.renderer.block.BlockRenderDispatcher was not found vanillabackport.mixins.json:access.BlockRenderDispatcherAccessor
[16May2026 01:13:35.869] [main/ERROR] [net.minecraftforge.fml.loading.RuntimeDistCleaner/DISTXFORM]: Attempted to load class net/minecraft/client/renderer/ItemInHandRenderer for invalid dist DEDICATED_SERVER
[16May2026 01:13:35.869] [main/WARN] [mixin/]: Error loading class: net/minecraft/client/renderer/ItemInHandRenderer (java.lang.RuntimeException: Attempted to load class net/minecraft/client/renderer/ItemInHandRenderer for invalid dist DEDICATED_SERVER)
[16May2026 01:13:35.869] [main/WARN] [mixin/]: @Mixin target net.minecraft.client.renderer.ItemInHandRenderer was not found dungeonnowloading.forge.mixins.json:items.ItemInHandRendererMixin
[16May2026 01:13:35.956] [main/INFO] [com.cupboard.Cupboard/]: Loaded config for: recipeessentials.json
[16May2026 01:13:35.984] [main/WARN] [mixin/]: Error loading class: com/legacy/lost_aether/entity/AerwhaleKingEntity (java.lang.ClassNotFoundException: com.legacy.lost_aether.entity.AerwhaleKingEntity)
[16May2026 01:13:36.071] [main/INFO] [com.cupboard.Cupboard/]: Loaded config for: structureessentials.json
[16May2026 01:13:36.146] [main/WARN] [mixin/]: Error loading class: net/minecraft/client/OptionInstance (java.lang.ClassNotFoundException: net.minecraft.client.OptionInstance)
[16May2026 01:13:36.147] [main/WARN] [mixin/]: @Mixin target net.minecraft.client.OptionInstance was not found c2me_client_uncapvd.mixins.json:ISimpleOption
[16May2026 01:13:36.149] [main/ERROR] [net.minecraftforge.fml.loading.RuntimeDistCleaner/DISTXFORM]: Attempted to load class net/minecraft/client/Options for invalid dist DEDICATED_SERVER
[16May2026 01:13:36.149] [main/WARN] [mixin/]: Error loading class: net/minecraft/client/Options (java.lang.RuntimeException: Attempted to load class net/minecraft/client/Options for invalid dist DEDICATED_SERVER)
[16May2026 01:13:36.149] [main/WARN] [mixin/]: @Mixin target net.minecraft.client.Options was not found c2me_client_uncapvd.mixins.json:MixinGameOptions
[16May2026 01:13:36.155] [main/WARN] [mixin/]: Error loading class: net/caffeinemc/sodium/config/user/UserConfigCategories (java.lang.ClassNotFoundException: net.caffeinemc.sodium.config.user.UserConfigCategories)
[16May2026 01:13:36.188] [main/WARN] [mixin/]: Error loading class: net/minecraft/client/renderer/entity/PhantomRenderer (java.lang.ClassNotFoundException: net.minecraft.client.renderer.entity.PhantomRenderer)
[16May2026 01:13:36.188] [main/WARN] [mixin/]: @Mixin target net.minecraft.client.renderer.entity.PhantomRenderer was not found mixins.deeperdarker.json:PhantomRendererMixin
[16May2026 01:13:36.205] [main/ERROR] [net.minecraftforge.fml.loading.RuntimeDistCleaner/DISTXFORM]: Attempted to load class net/minecraft/client/MouseHandler for invalid dist DEDICATED_SERVER
[16May2026 01:13:36.206] [main/WARN] [mixin/]: Error loading class: net/minecraft/client/MouseHandler (java.lang.RuntimeException: Attempted to load class net/minecraft/client/MouseHandler for invalid dist DEDICATED_SERVER)
[16May2026 01:13:36.206] [main/WARN] [mixin/]: @Mixin target net.minecraft.client.MouseHandler was not found fetzisdisplays.mixins.json:MouseScrollMixin
[16May2026 01:13:36.224] [main/WARN] [mixin/]: Error loading class: vectorwing/farmersdelight/common/block/StandingCanvasSignBlock (java.lang.ClassNotFoundException: vectorwing.farmersdelight.common.block.StandingCanvasSignBlock)
[16May2026 01:13:36.229] [main/WARN] [mixin/]: Error loading class: vectorwing/farmersdelight/common/block/WallCanvasSignBlock (java.lang.ClassNotFoundException: vectorwing.farmersdelight.common.block.WallCanvasSignBlock)
[16May2026 01:13:36.384] [main/ERROR] [net.minecraftforge.fml.loading.RuntimeDistCleaner/DISTXFORM]: Attempted to load class net/minecraft/client/Camera for invalid dist DEDICATED_SERVER
[16May2026 01:13:36.384] [main/WARN] [mixin/]: Error loading class: net/minecraft/client/Camera (java.lang.RuntimeException: Attempted to load class net/minecraft/client/Camera for invalid dist DEDICATED_SERVER)
[16May2026 01:13:36.384] [main/WARN] [mixin/]: @Mixin target net.minecraft.client.Camera was not found legendary_monsters.mixins.json:CameraInvoker
[16May2026 01:13:36.413] [main/INFO] [memoryleakfix/]: [MemoryLeakFix] Will be applying 1 memory leak fixes!
[16May2026 01:13:36.413] [main/INFO] [memoryleakfix/]: [MemoryLeakFix] Currently enabled memory leak fixes: [biomeTemperatureLeak]
[16May2026 01:13:36.766] [main/WARN] [mixin/]: Error loading class: net/caffeinemc/sodium/config/user/UserConfigCategories (java.lang.ClassNotFoundException: net.caffeinemc.sodium.config.user.UserConfigCategories)
[16May2026 01:13:36.770] [main/WARN] [mixin/]: Error loading class: net/caffeinemc/sodium/config/user/UserConfigCategories (java.lang.ClassNotFoundException: net.caffeinemc.sodium.config.user.UserConfigCategories)
[16May2026 01:13:36.875] [main/INFO] [MixinExtras|Service/]: Initializing MixinExtras via com.llamalad7.mixinextras.service.MixinExtrasServiceImpl(version=0.5.2).
[16May2026 01:13:37.483] [main/INFO] [Smooth Boot (Reloaded)/]: Smooth Boot (Reloaded) config initialized
[16May2026 01:13:37.887] [main/INFO] [net.minecraft.server.Bootstrap/]: ModernFix reached bootstrap stage (39.74 s after launch)
[16May2026 01:13:38.207] [main/WARN] [mixin/]: @Final field delegatesByName:Ljava/util/Map; in modernfix-modernfix.mixins.json:perf.forge_registry_alloc.ForgeRegistryMixin should be final
[16May2026 01:13:38.208] [main/WARN] [mixin/]: @Final field delegatesByValue:Ljava/util/Map; in modernfix-modernfix.mixins.json:perf.forge_registry_alloc.ForgeRegistryMixin should be final
[16May2026 01:13:38.368] [main/INFO] [ModernFix/]: Injecting BlockStateBase cache population hook into getOpacityIfCached from ca.spottedleaf.starlight.mixin.common.blockstate.BlockStateBaseMixin
[16May2026 01:13:38.368] [main/INFO] [ModernFix/]: Injecting BlockStateBase cache population hook into isConditionallyFullOpaque from ca.spottedleaf.starlight.mixin.common.blockstate.BlockStateBaseMixin
[16May2026 01:13:40.916] [main/INFO] [net.minecraft.server.Bootstrap/]: Vanilla bootstrap took 3025 milliseconds
[16May2026 01:13:42.606] [main/WARN] [mixin/]: @Final field f_26027_:Lnet/minecraft/world/entity/ai/targeting/TargetingConditions; in guardvillagers.mixins.json:DefendVillageGoalGolemMixin should be final
[16May2026 01:13:42.955] [main/WARN] [mixin/]: Method overwrite conflict for scheduleRandomTick in corgilib-common.mixins.json:chunk.MixinChunkAccess, previously written by dev.corgitaco.ohthetreesyoullgrow.mixin.chunk.MixinChunkAccess. Skipping method.
[16May2026 01:13:42.955] [main/WARN] [mixin/]: Method overwrite conflict for getScheduledRandomTicks in corgilib-common.mixins.json:chunk.MixinChunkAccess, previously written by dev.corgitaco.ohthetreesyoullgrow.mixin.chunk.MixinChunkAccess. Skipping method.
[16May2026 01:13:44.072] [main/WARN] [mixin/]: @ModifyConstant conflict. Skipping dungeonnowloading.forge.mixins.json:forge.structures.StructurePoolMixin->@ModifyConstant::dungeonnowloading_increaseWeightLimit(I)I with priority 1000, already redirected by yungsapi_forge.mixins.json:IncreaseStructureWeightLimitMixinForge->@ModifyConstant::yungsapi_increaseWeightLimit(I)I with priority 1000
[16May2026 01:13:44.144] [main/WARN] [mixin/]: Static binding violation: PRIVATE @Overwrite method m_47505_ in modernfix-modernfix.mixins.json:perf.remove_biome_temperature_cache.BiomeMixin cannot reduce visibiliy of PUBLIC target method, visibility will be upgraded.
[16May2026 01:13:45.138] [modloading-worker-0/WARN] [net.minecraftforge.common.ForgeConfigSpec/CORE]: Configuration file /workspaces/PROYECTO-DE-RESPONSABILIDAD-SOCIAL-RSU/servidor_minecraft/config/guardvillagers-common.toml is not correct. Correcting
[16May2026 01:13:45.397] [modloading-worker-0/INFO] [io.wispforest.lmft.LMFTCommon/]: [LMFT]: Loaded Config File!
[16May2026 01:13:45.404] [modloading-worker-0/INFO] [Copper-Age-Backport/]: Loaded config: golemBuildSpawning=true, golemPressesButtons=true, buttonPressChance=5%, golemTransportStackSize=16, weatheringTickFrom=504000, weatheringTickTo=552000
[16May2026 01:13:45.420] [modloading-worker-0/INFO] [Copper-Age-Backport/]: Initializing Copper-Age-Backport on Forge
[16May2026 01:13:45.421] [modloading-worker-0/INFO] [Copper-Age-Backport/]: Registering sounds for Copper-Age-Backport
[16May2026 01:13:45.426] [modloading-worker-0/INFO] [Copper-Age-Backport/]: Registering memory module types for Copper-Age-Backport
[16May2026 01:13:45.428] [modloading-worker-0/INFO] [Copper-Age-Backport/]: Registering particles for Copper-Age-Backport
[16May2026 01:13:45.440] [modloading-worker-0/INFO] [Copper-Age-Backport/]: Registering blocks for Copper-Age-Backport
[16May2026 01:13:45.487] [modloading-worker-0/INFO] [Copper-Age-Backport/]: Registering block entities for Copper-Age-Backport
[16May2026 01:13:45.488] [modloading-worker-0/INFO] [Copper-Age-Backport/]: Registering entities for Copper-Age-Backport
[16May2026 01:13:45.492] [modloading-worker-0/INFO] [Copper-Age-Backport/]: Registering items for Copper-Age-Backport
[16May2026 01:13:45.511] [modloading-worker-0/INFO] [Copper-Age-Backport/]: ModCompat: Mod 'fastchest' not loaded, skipping compatibility module
[16May2026 01:13:45.512] [modloading-worker-0/INFO] [Copper-Age-Backport/]: ModCompat: Mod 'sophisticatedstorage' not loaded, skipping compatibility module
[16May2026 01:13:45.514] [modloading-worker-0/INFO] [Copper-Age-Backport/]: ModCompat: Mod 'ironchest' not loaded, skipping compatibility module
[16May2026 01:13:45.515] [modloading-worker-0/INFO] [Copper-Age-Backport/]: ModCompat: Initializing 0 compatibility modules...
[16May2026 01:13:45.515] [modloading-worker-0/INFO] [Copper-Age-Backport/]: ModCompat: Initialization complete. 0 chest handlers, 0 container handlers registered.
[16May2026 01:13:45.516] [modloading-worker-0/INFO] [Copper-Age-Backport/]: Copper-Age-Backport initialized successfully!
[16May2026 01:13:45.698] [modloading-worker-0/INFO] [ironfurnaces.IronFurnaces/]: Initializing Update Checker...
[16May2026 01:13:45.701] [Iron Furnaces Update Checker/INFO] [ironfurnaces.IronFurnaces/]: Starting Update Check...
[16May2026 01:13:45.863] [modloading-worker-0/WARN] [mixin/]: Static binding violation: PRIVATE @Overwrite method m_215924_ in modernfix-modernfix.mixins.json:perf.tag_id_caching.TagEntryMixin cannot reduce visibiliy of PUBLIC target method, visibility will be upgraded.
[16May2026 01:13:46.085] [modloading-worker-0/INFO] [me.wesley1808.servercore.common.ServerCore/]: [ServerCore] Loaded V1.5.2+1.20.1!
[16May2026 01:13:46.099] [modloading-worker-0/INFO] [Puzzles Lib/]: Constructing common components for metalbundles:main
[16May2026 01:13:46.203] [modloading-worker-0/INFO] [workers/]: Registering POI for ResourceKey[minecraft:block / workers:miner_block]
[16May2026 01:13:46.205] [modloading-worker-0/INFO] [workers/]: Registering POI for ResourceKey[minecraft:block / workers:lumberjack_block]
[16May2026 01:13:46.207] [modloading-worker-0/INFO] [workers/]: Registering POI for ResourceKey[minecraft:block / workers:farmer_block]
[16May2026 01:13:46.207] [modloading-worker-0/INFO] [workers/]: Registering POI for ResourceKey[minecraft:block / workers:merchant_block]
[16May2026 01:13:46.207] [modloading-worker-0/INFO] [workers/]: Registering POI for ResourceKey[minecraft:block / workers:shepherd_block]
[16May2026 01:13:46.207] [modloading-worker-0/INFO] [workers/]: Registering POI for ResourceKey[minecraft:block / workers:fisherman_block]
[16May2026 01:13:46.208] [modloading-worker-0/INFO] [workers/]: Registering POI for ResourceKey[minecraft:block / workers:cattle_farmer_block]
[16May2026 01:13:46.209] [modloading-worker-0/INFO] [workers/]: Registering POI for ResourceKey[minecraft:block / workers:chicken_farmer_block]
[16May2026 01:13:46.209] [modloading-worker-0/INFO] [workers/]: Registering POI for ResourceKey[minecraft:block / workers:swineherd_block]
[16May2026 01:13:46.210] [modloading-worker-0/INFO] [workers/]: Registering profession for miner with POI net.minecraftforge.registries.RegistryObject@84ce06a
[16May2026 01:13:46.212] [modloading-worker-0/INFO] [workers/]: Registering profession for lumberjack with POI net.minecraftforge.registries.RegistryObject@2324e55
[16May2026 01:13:46.212] [modloading-worker-0/INFO] [workers/]: Registering profession for farmer with POI net.minecraftforge.registries.RegistryObject@b5b6294e
[16May2026 01:13:46.212] [modloading-worker-0/INFO] [workers/]: Registering profession for merchant with POI net.minecraftforge.registries.RegistryObject@e3fd43b3
[16May2026 01:13:46.212] [modloading-worker-0/INFO] [workers/]: Registering profession for shepherd with POI net.minecraftforge.registries.RegistryObject@dc7f439a
[16May2026 01:13:46.214] [modloading-worker-0/INFO] [workers/]: Registering profession for fisherman with POI net.minecraftforge.registries.RegistryObject@2b647820
[16May2026 01:13:46.214] [modloading-worker-0/INFO] [workers/]: Registering profession for cattle_farmer with POI net.minecraftforge.registries.RegistryObject@2fbf1d36
[16May2026 01:13:46.214] [modloading-worker-0/INFO] [workers/]: Registering profession for chicken_farmer with POI net.minecraftforge.registries.RegistryObject@8de71318
[16May2026 01:13:46.214] [modloading-worker-0/INFO] [workers/]: Registering profession for swineherd with POI net.minecraftforge.registries.RegistryObject@5a68aad6
[16May2026 01:13:46.366] [Iron Furnaces Update Checker/INFO] [ironfurnaces.IronFurnaces/]: Update Check done!
[16May2026 01:13:46.371] [Iron Furnaces Update Checker/INFO] [ironfurnaces.IronFurnaces/]: Iron Furnaces is up to date!
[16May2026 01:13:46.387] [modloading-worker-0/INFO] [noisium/]: Loading Noisium.
[16May2026 01:13:46.710] [modloading-worker-0/INFO] [com.aetherteam.cumulus.Cumulus/]: Disabling Cumulus as it is on server.
[16May2026 01:13:46.818] [modloading-worker-0/INFO] [Puzzles Lib/]: Constructing common components for easyshulkerboxes:main
[16May2026 01:13:46.876] [modloading-worker-0/INFO] [recruits/]: Registering POI for ResourceKey[minecraft:block / recruits:recruit_block]
[16May2026 01:13:46.877] [modloading-worker-0/INFO] [recruits/]: Registering POI for ResourceKey[minecraft:block / recruits:recruit_shield_block]
[16May2026 01:13:46.877] [modloading-worker-0/INFO] [recruits/]: Registering POI for ResourceKey[minecraft:block / recruits:bowman_block]
[16May2026 01:13:46.877] [modloading-worker-0/INFO] [recruits/]: Registering POI for ResourceKey[minecraft:block / recruits:crossbowman_block]
[16May2026 01:13:46.878] [modloading-worker-0/INFO] [recruits/]: Registering POI for ResourceKey[minecraft:block / recruits:horseman_block]
[16May2026 01:13:46.878] [modloading-worker-0/INFO] [recruits/]: Registering POI for ResourceKey[minecraft:block / recruits:nomad_block]
[16May2026 01:13:46.879] [modloading-worker-0/INFO] [recruits/]: Registering profession for recruit with POI net.minecraftforge.registries.RegistryObject@810c44e9
[16May2026 01:13:46.880] [modloading-worker-0/INFO] [recruits/]: Registering profession for shieldman with POI net.minecraftforge.registries.RegistryObject@73a49efc
[16May2026 01:13:46.880] [modloading-worker-0/INFO] [recruits/]: Registering profession for bowman with POI net.minecraftforge.registries.RegistryObject@ee1298fb
[16May2026 01:13:46.880] [modloading-worker-0/INFO] [recruits/]: Registering profession for crossbowman with POI net.minecraftforge.registries.RegistryObject@278013b
[16May2026 01:13:46.881] [modloading-worker-0/INFO] [recruits/]: Registering profession for horseman with POI net.minecraftforge.registries.RegistryObject@2cde3e08
[16May2026 01:13:46.881] [modloading-worker-0/INFO] [recruits/]: Registering profession for nomad with POI net.minecraftforge.registries.RegistryObject@46c5f19a
[16May2026 01:13:46.980] [modloading-worker-0/INFO] [Puzzles Lib/]: Constructing common components for puzzlesapi:iteminteractions
[16May2026 01:13:47.036] [modloading-worker-0/INFO] [Puzzles Lib/]: Constructing common components for puzzlesapi:slotcycling
[16May2026 01:13:47.038] [modloading-worker-0/INFO] [Puzzles Lib/]: Constructing common components for puzzlesapi:limitlesscontainers
[16May2026 01:13:47.049] [modloading-worker-0/INFO] [Puzzles Lib/]: Constructing common components for puzzlesapi:statues
[16May2026 01:13:47.066] [modloading-worker-0/INFO] [Puzzles Lib/]: Constructing common components for visualworkbench:main
[16May2026 01:13:47.084] [modloading-worker-0/INFO] [com.jtorleonstudios.libraryferret.LibraryFerret/]: Initialize mod Library Ferret
[16May2026 01:13:47.094] [modloading-worker-0/INFO] [Puzzles Lib/]: Constructing common components for stoneworks:main
[16May2026 01:13:47.103] [modloading-worker-0/INFO] [com.jtorleonstudios.libraryferret.LibraryFerret/]: Initialized mod Library Ferret
[16May2026 01:13:47.114] [modloading-worker-0/INFO] [STDOUT/]: [dev.hexnowloading.dungeonnowloading.registry.DNLPackets:registerServerbound:8]: [DNLPackets] registerServerbound()
[16May2026 01:13:47.166] [modloading-worker-0/INFO] [net.minecraftforge.common.ForgeMod/FORGEMOD]: Forge mod loading, version 47.4.10, for MC 1.20.1 with MCP 20230612.114412
[16May2026 01:13:47.166] [modloading-worker-0/INFO] [net.minecraftforge.common.MinecraftForge/FORGE]: MinecraftForge v47.4.10 Initialized
[16May2026 01:13:47.168] [modloading-worker-0/WARN] [Polytone/]: Slotify has been installed on a server. This wont cause issues but mod wont do anything here as its a client mod
[16May2026 01:13:47.444] [modloading-worker-0/INFO] [Dungeon Now Loading/]: Hello Forge world!
[16May2026 01:13:47.467] [modloading-worker-0/INFO] [xyz.apex.forge.commonality.Mods.CommonalityMod/]: Running Minecraft '1.20.1', & Forge '47.4.10' on Java '17.0.18, Ubuntu'
[16May2026 01:13:47.470] [modloading-worker-0/INFO] [TrustedSourceList/]: Loading BlackListed sources from remote... (https://api.stopmodreposts.org/minecraft/sites.txt)
[16May2026 01:13:47.775] [modloading-worker-0/INFO] [TrustedSourceList/]: Loaded 564 BlackListed sources from remote
[16May2026 01:13:47.775] [modloading-worker-0/INFO] [TrustManager/]: Loading mod 'commonality' TrustWorthiness...
[16May2026 01:13:47.776] [modloading-worker-0/FATAL] [TrustManager/]: Could not determine mod trust worthiness, Assuming Jar was downloaded from trusted source!
[16May2026 01:13:47.776] [modloading-worker-0/INFO] [TrustManager/]: Loaded mod 'commonality' TrustWorthiness: UNKNOWN
[16May2026 01:13:47.945] [modloading-worker-0/INFO] [STDERR/]: [com.modfixer.ModFixer:<init>:45]: [ModFixer] Loaded.
[16May2026 01:13:48.000] [modloading-worker-0/INFO] [Puzzles Lib/]: Constructing common components for puzzleslib:main
[16May2026 01:13:48.049] [modloading-worker-0/WARN] [mixin/]: @Redirect conflict. Skipping recipeessentials.mixins.json:RecipeManagerMixin->@Redirect::logErrorOnce(Lorg/slf4j/Logger;Ljava/lang/String;Ljava/lang/Object;Ljava/lang/Object;)V with priority 200, already redirected by modernfix-modernfix.mixins.json:perf.datapack_reload_exceptions.RecipeManagerMixin->@Redirect::silenceException(Lorg/slf4j/Logger;Ljava/lang/String;Ljava/lang/Object;Ljava/lang/Object;)V with priority 2000
[16May2026 01:13:48.289] [modloading-worker-0/INFO] [thedarkcolour.kotlinforforge.test.KotlinForForge/]: Kotlin For Forge Enabled!
[16May2026 01:13:48.333] [modloading-worker-0/INFO] [Puzzles Lib/]: Constructing common components for illagerinvasion:main
[16May2026 01:13:48.732] [modloading-worker-0/INFO] [spears/]: Backported spears!
[16May2026 01:13:49.239] [modloading-worker-0/INFO] [Spartan Weaponry/]: Constructing Mod: Spartan Weaponry
[16May2026 01:13:49.240] [modloading-worker-0/INFO] [Spartan Weaponry/]: Initialising API! Version: 12
[16May2026 01:13:49.242] [modloading-worker-0/INFO] [Spartan Weaponry/]: Spartan Weaponry API version 12 has been initalized!
[16May2026 01:13:49.397] [modloading-worker-0/INFO] [Animal Feeding Trough/]: [Animal Feeding Trough] Load Complete! Enjoy :D
[16May2026 01:13:49.396] [modloading-worker-0/INFO] [dev.architectury.networking.forge.NetworkManagerImpl/]: Registering C2S receiver with id architectury:sync_ids
[16May2026 01:13:49.412] [modloading-worker-0/INFO] [dev.architectury.networking.forge.NetworkManagerImpl/]: Registering C2S receiver with id fetzisdisplays:main/7c016b99a98f36cdb1373451dd6b922a
[16May2026 01:13:49.417] [modloading-worker-0/INFO] [dev.architectury.networking.forge.NetworkManagerImpl/]: Registering C2S receiver with id fetzisdisplays:main/75bb5471b834341c8e06bb3e70095c7f
[16May2026 01:13:49.420] [modloading-worker-0/INFO] [com.cupboard.Cupboard/]: Loaded config for: cupboard.json
[16May2026 01:13:49.493] [modloading-worker-0/INFO] [net.blay09.mods.balm.forge.config.ForgeBalmConfig/]: Registering config for trashslot:common (COMMON) with 5 properties.
[16May2026 01:13:49.560] [modloading-worker-0/INFO] [chloride/Main]: Chloride is not intended to be on servers, loaded in inner mode
[16May2026 01:13:49.563] [modloading-worker-0/INFO] [net.potionstudios.biomeswevegone.BiomesWeveGone/]: Registering Oh The Biomes We've Gone items
[16May2026 01:13:49.654] [modloading-worker-0/INFO] [net.potionstudios.biomeswevegone.BiomesWeveGone/]: Registering Oh The Biomes We've Gone Blocks
[16May2026 01:13:49.668] [modloading-worker-0/INFO] [coroutil/]: forge loader environment detected
[16May2026 01:13:49.790] [modloading-worker-0/INFO] [net.potionstudios.biomeswevegone.BiomesWeveGone/]: Registering Oh The Biomes We've Gone Wood
[16May2026 01:13:49.809] [modloading-worker-0/INFO] [net.potionstudios.biomeswevegone.BiomesWeveGone/]: Registering Oh The Biomes We've Gone Block Entities
[16May2026 01:13:49.816] [modloading-worker-0/INFO] [net.potionstudios.biomeswevegone.BiomesWeveGone/]: Registering Oh The Biomes We've Gone Entities
[16May2026 01:13:49.818] [modloading-worker-0/INFO] [net.potionstudios.biomeswevegone.BiomesWeveGone/]: Registering Oh The Biomes We've Gone Creative Tabs
[16May2026 01:13:49.820] [modloading-worker-0/INFO] [net.potionstudios.biomeswevegone.BiomesWeveGone/]: Registering Oh The Biomes We've Gone Sounds
[16May2026 01:13:49.821] [modloading-worker-0/INFO] [net.potionstudios.biomeswevegone.BiomesWeveGone/]: Registering Oh The Biomes We've Gone Block Predicate
[16May2026 01:13:49.831] [modloading-worker-0/INFO] [net.potionstudios.biomeswevegone.BiomesWeveGone/]: Registering Oh The Biomes We've Gone State Providers
[16May2026 01:13:49.840] [modloading-worker-0/INFO] [net.potionstudios.biomeswevegone.BiomesWeveGone/]: Registering Oh The Biomes We've Gone Tree Decorators
[16May2026 01:13:49.857] [modloading-worker-0/INFO] [net.potionstudios.biomeswevegone.BiomesWeveGone/]: Registering Oh The Biomes We've Gone Custom Features
[16May2026 01:13:49.858] [modloading-worker-0/INFO] [net.potionstudios.biomeswevegone.BiomesWeveGone/]: Registering Oh The Biomes We've Gone Structure Pieces
[16May2026 01:13:49.860] [modloading-worker-0/INFO] [net.potionstudios.biomeswevegone.BiomesWeveGone/]: Registering Oh The Biomes We've Gone Custom Structure Types
[16May2026 01:13:49.865] [modloading-worker-0/INFO] [net.potionstudios.biomeswevegone.BiomesWeveGone/]: Registering Oh The Biomes We've Gone Configured Features
[16May2026 01:13:49.888] [modloading-worker-0/INFO] [net.potionstudios.biomeswevegone.BiomesWeveGone/]: Creating and Registering Overworld Vegetation Configured Features
[16May2026 01:13:50.010] [modloading-worker-0/INFO] [net.potionstudios.biomeswevegone.BiomesWeveGone/]: Registering Oh The Biomes We've Gone Tree Configured Features
[16May2026 01:13:50.015] [modloading-worker-0/INFO] [net.potionstudios.biomeswevegone.BiomesWeveGone/]: Creating and Registering Vanilla Configured Features
[16May2026 01:13:50.027] [modloading-worker-0/INFO] [net.potionstudios.biomeswevegone.BiomesWeveGone/]: Registering Oh The Biomes You'll Go Overworld Configured Features
[16May2026 01:13:50.042] [modloading-worker-0/INFO] [net.potionstudios.biomeswevegone.BiomesWeveGone/]: Registering Oh The Biomes We've Gone Placed Features
[16May2026 01:13:50.060] [modloading-worker-0/INFO] [net.potionstudios.biomeswevegone.BiomesWeveGone/]: Creating and Registering Overworld Tree Placed Features
[16May2026 01:13:50.076] [modloading-worker-0/INFO] [net.potionstudios.biomeswevegone.BiomesWeveGone/]: Creating and Registering Overworld Vegetation Placed Features
[16May2026 01:13:50.078] [modloading-worker-0/INFO] [net.potionstudios.biomeswevegone.BiomesWeveGone/]: Creating and Registering Vanilla Placed Features
[16May2026 01:13:50.079] [modloading-worker-0/INFO] [net.potionstudios.biomeswevegone.BiomesWeveGone/]: Registering Oh The Biomes We've Gone Custom Surface Rules
[16May2026 01:13:50.109] [modloading-worker-0/INFO] [net.potionstudios.biomeswevegone.BiomesWeveGone/]: Registering Oh The Biomes We've Gone Template Pools
[16May2026 01:13:50.141] [modloading-worker-0/INFO] [net.potionstudios.biomeswevegone.BiomesWeveGone/]: Registering Oh The Biome's We've Gone Village Template Pools
[16May2026 01:13:50.147] [modloading-worker-0/INFO] [net.potionstudios.biomeswevegone.BiomesWeveGone/]: Registering Oh The Biomes We've Gone Poi Types
[16May2026 01:13:50.152] [modloading-worker-0/INFO] [net.potionstudios.biomeswevegone.BiomesWeveGone/]: Registering Oh The Biomes We've Gone Villager Professions
[16May2026 01:13:50.153] [modloading-worker-0/INFO] [net.potionstudios.biomeswevegone.BiomesWeveGone/]: Registering Oh The Biomes We've Gone Custom Structure Processors
[16May2026 01:13:50.154] [modloading-worker-0/INFO] [net.potionstudios.biomeswevegone.BiomesWeveGone/]: Registering Oh The Biomes We've Gone villager types
[16May2026 01:13:50.158] [modloading-worker-0/INFO] [net.potionstudios.biomeswevegone.BiomesWeveGone/]: Registering Oh The Biomes We've Gone Schedules
[16May2026 01:13:50.160] [modloading-worker-0/INFO] [net.potionstudios.biomeswevegone.BiomesWeveGone/]: Registering Oh The Biomes We've Gone Memory Module Types
[16May2026 01:13:50.164] [modloading-worker-0/INFO] [net.potionstudios.biomeswevegone.BiomesWeveGone/]: Registering Oh The Biomes We've Gone Sensor Types
[16May2026 01:13:50.275] [modloading-worker-0/INFO] [Spartan Shields/]: Constructing Mod: Spartan Shields
[16May2026 01:13:50.473] [modloading-worker-0/INFO] [TrustManager/]: Loading mod 'apexcore' TrustWorthiness...
[16May2026 01:13:50.474] [modloading-worker-0/FATAL] [TrustManager/]: Could not determine mod trust worthiness, Assuming Jar was downloaded from trusted source!
[16May2026 01:13:50.474] [modloading-worker-0/INFO] [TrustManager/]: Loaded mod 'apexcore' TrustWorthiness: UNKNOWN
[16May2026 01:13:50.477] [modloading-worker-0/INFO] [TrustManager/]: Loading mod 'fantasyfurniture' TrustWorthiness...
[16May2026 01:13:50.477] [modloading-worker-0/FATAL] [TrustManager/]: Could not determine mod trust worthiness, Assuming Jar was downloaded from trusted source!
[16May2026 01:13:50.478] [modloading-worker-0/INFO] [TrustManager/]: Loaded mod 'fantasyfurniture' TrustWorthiness: UNKNOWN
[16May2026 01:13:50.546] [modloading-worker-0/INFO] [Puzzles Lib/]: Constructing common components for overflowingbars:main
[16May2026 01:13:52.246] [main/INFO] [org.betterx.worlds.together.util.Logger/]: [bclib] Added Config betternether.main to auto sync (file hash)
[16May2026 01:13:52.246] [main/INFO] [org.betterx.worlds.together.util.Logger/]: [bclib] Added Config betternether.generator to auto sync (file hash)
[16May2026 01:13:52.246] [main/INFO] [org.betterx.worlds.together.util.Logger/]: [bclib] Added Config betternether.blocks to auto sync (file hash)
[16May2026 01:13:52.247] [main/INFO] [org.betterx.worlds.together.util.Logger/]: [bclib] Added Config betternether.items to auto sync (file hash)
[16May2026 01:13:52.248] [main/INFO] [org.betterx.worlds.together.util.Logger/]: [bclib] Added Config betternether.biomes to auto sync (file hash)
[16May2026 01:13:52.248] [main/INFO] [org.betterx.worlds.together.util.Logger/]: [bclib] Added Config betternether.mobs to auto sync (file hash)
[16May2026 01:13:52.248] [main/INFO] [org.betterx.worlds.together.util.Logger/]: [bclib] Added Config betternether.recipes to auto sync (file hash)
[16May2026 01:13:56.024] [main/INFO] [Moonlight/]: Initialized block sets in 61ms
[16May2026 01:13:57.052] [main/INFO] [ModernFix/]: Bypassed Mojang DFU
[16May2026 01:13:57.053] [main/INFO] [ModernFix/]: Instantiating Mojang DFU
[16May2026 01:13:58.437] [main/INFO] [ModdingLegacy/StructureGel/]: [structure_gel] Registering data for structure_gel:loot_table_alias
[16May2026 01:13:58.450] [main/INFO] [ModdingLegacy/StructureGel/]: [structure_gel] Registering data for structure_gel:data_handler_type
[16May2026 01:13:58.452] [main/INFO] [ModdingLegacy/StructureGel/]: [structure_gel] Registering data for structure_gel:dynamic_spawner
[16May2026 01:13:58.455] [main/INFO] [ModdingLegacy/StructureGel/]: [structure_gel] Registering data for structure_gel:jigsaw_type
[16May2026 01:13:58.765] [main/WARN] [net.minecraft.network.syncher.SynchedEntityData/]: defineId called for: class net.miauczel.legendary_monsters.entity.AnimatedMonster.OriginClasses.IAnimatedMonster from class net.miauczel.legendary_monsters.entity.AnimatedMonster.OriginClasses.IAnimatedMiniBoss
[16May2026 01:13:58.766] [main/WARN] [net.minecraft.network.syncher.SynchedEntityData/]: defineId called for: class net.miauczel.legendary_monsters.entity.AnimatedMonster.IAnimatedBoss.TheObliterator.TheObliteratorEntity from class net.miauczel.legendary_monsters.entity.AnimatedMonster.Mobs.ShulkerTower.Shulker_MimicEntity
[16May2026 01:13:58.767] [main/WARN] [net.minecraft.network.syncher.SynchedEntityData/]: defineId called for: class net.miauczel.legendary_monsters.entity.AnimatedMonster.OriginClasses.IAnimatedMonster from class net.miauczel.legendary_monsters.entity.AnimatedMonster.OriginClasses.IAnimatedBoss
[16May2026 01:13:58.769] [main/WARN] [net.minecraft.network.syncher.SynchedEntityData/]: defineId called for: class net.miauczel.legendary_monsters.entity.AnimatedMonster.IAnimatedBoss.TheObliterator.TheObliteratorEntity from class net.miauczel.legendary_monsters.entity.AnimatedMonster.Mobs.SpaceStation.Flameborn.AnnihilationPursuer.AnnihilationPursuerEntity
[16May2026 01:13:59.010] [main/WARN] [net.minecraftforge.common.ForgeConfigSpec/CORE]: Configuration file /workspaces/PROYECTO-DE-RESPONSABILIDAD-SOCIAL-RSU/servidor_minecraft/config/guardvillagers-common.toml is not correct. Correcting
[16May2026 01:13:59.034] [main/INFO] [Puzzles Lib/]: Loading common config for stoneworks
[16May2026 01:13:59.140] [main/INFO] [Spartan Weaponry/]: Updating config settings!
[16May2026 01:13:59.166] [main/INFO] [Spartan Shields/]: Loading config spartanshields-common.toml
[16May2026 01:13:59.325] [modloading-worker-0/INFO] [org.betterx.worlds.together.util.Logger/]: [betternether] =^..^=    BetterNether for 1.20    =^..^=
[16May2026 01:13:59.409] [modloading-worker-0/INFO] [terrablender/]: Registered region minecraft:overworld to index 0 for type OVERWORLD
[16May2026 01:13:59.411] [modloading-worker-0/INFO] [terrablender/]: Registered region minecraft:nether to index 0 for type NETHER
[16May2026 01:13:59.411] [modloading-worker-0/INFO] [terrablender/]: Registered region aether:the_aether to index 0 for type THE_AETHER
[16May2026 01:13:59.412] [modloading-worker-0/INFO] [terrablender/]: Registered region vanillabackport:overworld to index 1 for type OVERWORLD
[16May2026 01:13:59.463] [modloading-worker-0/INFO] [workers/]: Villager Workers Messages registered
[16May2026 01:13:59.507] [modloading-worker-0/INFO] [CorgiLib/]: Initializing network...
[16May2026 01:13:59.512] [modloading-worker-0/INFO] [CorgiLib/]: Initialized network!
[16May2026 01:13:59.514] [modloading-worker-0/INFO] [com.chunksending.ChunkSending/]: chunksending mod initialized
[16May2026 01:13:59.528] [modloading-worker-0/INFO] [com.recipeessentials.RecipeEssentials/]: recipeessentials mod initialized
[16May2026 01:13:59.544] [modloading-worker-0/INFO] [com.connectivity.Connectivity/]: Connectivity initialized
[16May2026 01:13:59.548] [modloading-worker-0/INFO] [me.steinborn.krypton.mod.shared.Krypton/]: Compression will use libdeflate (Linux x86_64), encryption will use OpenSSL 3.0.x (Linux x86_64)
[16May2026 01:13:59.548] [modloading-worker-0/INFO] [com.gpumemleakfix.Gpumemleakfix/]: gpumemleakfix mod initialized
[16May2026 01:13:59.551] [modloading-worker-0/INFO] [com.structureessentials.StructureEssentials/]: structureessentials mod initialized
[16May2026 01:13:59.616] [modloading-worker-0/INFO] [org.betterx.worlds.together.util.Logger/]: [bclib] Added Config bclib.generator to auto sync (file hash)
[16May2026 01:13:59.620] [modloading-worker-0/INFO] [org.betterx.worlds.together.util.Logger/]: [bclib] Added Config bclib.main to auto sync (content diff)
[16May2026 01:13:59.622] [modloading-worker-0/INFO] [org.betterx.worlds.together.util.Logger/]: [bclib] Added Config bclib.biomes to auto sync (file hash)
[16May2026 01:13:59.633] [modloading-worker-0/INFO] [com.cupboard.Cupboard/]: Loaded config for: leaky.json
[16May2026 01:13:59.633] [modloading-worker-0/INFO] [com.leaky.Leaky/]: leaky mod initialized
[16May2026 01:13:59.633] [modloading-worker-0/INFO] [Spartan Weaponry/]: Setting up Spartan Weaponry!
[16May2026 01:13:59.716] [Forge Version Check/INFO] [net.minecraftforge.fml.VersionChecker/]: [mcwwindows] Starting version check at https://raw.githubusercontent.com/sketchmacaw/macawsmods/master/window.json
[16May2026 01:13:59.763] [modloading-worker-0/INFO] [com.limitedchunks.LimitedChunks/]: Limited chunkloading initialized
[16May2026 01:13:59.766] [modloading-worker-0/ERROR] [patchouli/]: Failed to load book betternether:betternether_book defined by mod betternether, skipping
java.lang.IllegalArgumentException: Book betternether:betternether_book has use_resource_pack set to false. This behaviour was removed in 1.20. The book author should enable this flag and move all book contents clientside to /assets/, leaving the book.json in /data/. See https://vazkiimods.github.io/Patchouli/docs/upgrading/upgrade-guide-120 for details.
	at vazkii.patchouli.common.book.Book.<init>(Book.java:145) ~[Patchouli-1.20.1-85-FORGE.jar%23435!/:1.20.1-85-FORGE]
	at vazkii.patchouli.common.book.BookRegistry.loadBook(BookRegistry.java:90) ~[Patchouli-1.20.1-85-FORGE.jar%23435!/:1.20.1-85-FORGE]
	at vazkii.patchouli.common.book.BookRegistry.lambda$init$3(BookRegistry.java:75) ~[Patchouli-1.20.1-85-FORGE.jar%23435!/:1.20.1-85-FORGE]
	at java.util.HashMap.forEach(HashMap.java:1421) ~[?:?]
	at vazkii.patchouli.common.book.BookRegistry.init(BookRegistry.java:70) ~[Patchouli-1.20.1-85-FORGE.jar%23435!/:1.20.1-85-FORGE]
	at vazkii.patchouli.forge.common.ForgeModInitializer.onInitialize(ForgeModInitializer.java:76) ~[Patchouli-1.20.1-85-FORGE.jar%23435!/:1.20.1-85-FORGE]
	at vazkii.patchouli.forge.common.__ForgeModInitializer_onInitialize_FMLCommonSetupEvent.invoke(.dynamic) ~[Patchouli-1.20.1-85-FORGE.jar%23435!/:1.20.1-85-FORGE]
	at net.minecraftforge.eventbus.ASMEventHandler.invoke(ASMEventHandler.java:73) ~[eventbus-6.0.5.jar%2352!/:?]
	at net.minecraftforge.eventbus.EventBus.post(EventBus.java:315) ~[eventbus-6.0.5.jar%2352!/:?]
	at net.minecraftforge.eventbus.EventBus.post(EventBus.java:296) ~[eventbus-6.0.5.jar%2352!/:?]
	at net.minecraftforge.fml.javafmlmod.FMLModContainer.acceptEvent(FMLModContainer.java:121) ~[javafmllanguage-1.20.1-47.4.10.jar%23508!/:?]
	at net.minecraftforge.fml.ModContainer.lambda$buildTransitionHandler$5(ModContainer.java:127) ~[fmlcore-1.20.1-47.4.10.jar%23507!/:?]
	at java.util.concurrent.CompletableFuture$AsyncRun.run(CompletableFuture.java:1804) ~[?:?]
	at java.util.concurrent.CompletableFuture$AsyncRun.exec(CompletableFuture.java:1796) ~[?:?]
	at java.util.concurrent.ForkJoinTask.doExec(ForkJoinTask.java:373) ~[?:?]
	at java.util.concurrent.ForkJoinPool$WorkQueue.topLevelExec(ForkJoinPool.java:1182) ~[?:?]
	at java.util.concurrent.ForkJoinPool.scan(ForkJoinPool.java:1655) ~[?:?]
	at java.util.concurrent.ForkJoinPool.runWorker(ForkJoinPool.java:1622) ~[?:?]
	at java.util.concurrent.ForkJoinWorkerThread.run(ForkJoinWorkerThread.java:165) ~[?:?]
[16May2026 01:13:59.780] [modloading-worker-0/INFO] [com.rajhab.morevanillashields_mod.morevanillashields/]: morevanillashields: This mod now runs with a config file. Feel free to use it!
[16May2026 01:13:59.789] [modloading-worker-0/INFO] [Spartan Shields/]: Setting up Spartan Shields!
[16May2026 01:13:59.797] [modloading-worker-0/INFO] [com.betterchunkloading.BetterChunkLoading/]: betterchunkloading mod initialized
[16May2026 01:13:59.854] [main/INFO] [Supplementaries/]: Finished mod setup in: [1, 3, 0, 1, 0, 0, 10, 3] ms
[16May2026 01:13:59.855] [main/INFO] [Copper-Age-Backport/]: Fired 1 registration callbacks
[16May2026 01:13:59.884] [main/INFO] [terrablender/]: Registered region biomesoplenty:overworld_primary to index 2 for type OVERWORLD
[16May2026 01:13:59.884] [main/INFO] [terrablender/]: Registered region biomesoplenty:overworld_secondary to index 3 for type OVERWORLD
[16May2026 01:13:59.884] [Thread-0/INFO] [ModernFix/]: Please use /mfsrc to reload any changed mod config files
[16May2026 01:13:59.884] [main/INFO] [terrablender/]: Registered region biomesoplenty:overworld_rare to index 4 for type OVERWORLD
[16May2026 01:13:59.885] [main/INFO] [terrablender/]: Registered region biomesoplenty:nether_common to index 1 for type NETHER
[16May2026 01:13:59.885] [main/INFO] [terrablender/]: Registered region biomesoplenty:nether_rare to index 2 for type NETHER
[16May2026 01:13:59.889] [Forge Version Check/INFO] [net.minecraftforge.fml.VersionChecker/]: [mcwwindows] Found status: UP_TO_DATE Current: 2.4.2 Target: null
[16May2026 01:13:59.889] [Forge Version Check/INFO] [net.minecraftforge.fml.VersionChecker/]: [mcwstairs] Starting version check at https://raw.githubusercontent.com/sketchmacaw/macawsmods/master/stairs.json
[16May2026 01:13:59.907] [Forge Version Check/INFO] [net.minecraftforge.fml.VersionChecker/]: [mcwstairs] Found status: UP_TO_DATE Current: 1.0.2 Target: null
[16May2026 01:13:59.907] [main/INFO] [terrablender/]: Registered region deep_aether:deep_aether to index 1 for type THE_AETHER
[16May2026 01:13:59.908] [main/INFO] [terrablender/]: Registered region deep_aether:rare to index 2 for type THE_AETHER
[16May2026 01:13:59.908] [Forge Version Check/INFO] [net.minecraftforge.fml.VersionChecker/]: [guardvillagers] Starting version check at https://raw.githubusercontent.com/seymourimadeit/guardvillagers/master/update.json
[16May2026 01:13:59.918] [Forge Version Check/INFO] [net.minecraftforge.fml.VersionChecker/]: [guardvillagers] Found status: BETA Current: 1.20.1-1.6.17 Target: 1.20-1.6.5
[16May2026 01:13:59.918] [Forge Version Check/INFO] [net.minecraftforge.fml.VersionChecker/]: [supplementaries] Starting version check at https://api.modrinth.com/updates/supplementaries/forge_updates.json
[16May2026 01:14:00.019] [Forge Version Check/INFO] [net.minecraftforge.fml.VersionChecker/]: [supplementaries] Found status: OUTDATED Current: 1.20-3.1.43 Target: 1.20-3.1.43-forge
[16May2026 01:14:00.019] [Forge Version Check/INFO] [net.minecraftforge.fml.VersionChecker/]: [structure_gel] Starting version check at http://changelogs.moddinglegacy.com/structure-gel.json
[16May2026 01:14:00.046] [main/INFO] [terrablender/]: Registered region biomeswevegone:region_0 to index 5 for type OVERWORLD
[16May2026 01:14:00.047] [main/INFO] [terrablender/]: Registered region biomeswevegone:region_1 to index 6 for type OVERWORLD
[16May2026 01:14:00.047] [main/INFO] [terrablender/]: Registered region biomeswevegone:region_2 to index 7 for type OVERWORLD
[16May2026 01:14:00.096] [main/INFO] [tacz/SYNCED_ENTITY_DATA_TAC_COPY]: Registered synced data key tacz:shoot_cool_down for minecraft:living_entity
[16May2026 01:14:00.096] [main/INFO] [tacz/SYNCED_ENTITY_DATA_TAC_COPY]: Registered synced data key tacz:melee_cool_down for minecraft:living_entity
[16May2026 01:14:00.096] [main/INFO] [tacz/SYNCED_ENTITY_DATA_TAC_COPY]: Registered synced data key tacz:reload_state for minecraft:living_entity
[16May2026 01:14:00.096] [main/INFO] [tacz/SYNCED_ENTITY_DATA_TAC_COPY]: Registered synced data key tacz:aiming_progress for minecraft:living_entity
[16May2026 01:14:00.096] [main/INFO] [tacz/SYNCED_ENTITY_DATA_TAC_COPY]: Registered synced data key tacz:draw_cool_down for minecraft:living_entity
[16May2026 01:14:00.096] [main/INFO] [tacz/SYNCED_ENTITY_DATA_TAC_COPY]: Registered synced data key tacz:is_aiming for minecraft:living_entity
[16May2026 01:14:00.096] [main/INFO] [tacz/SYNCED_ENTITY_DATA_TAC_COPY]: Registered synced data key tacz:sprint_time for minecraft:living_entity
[16May2026 01:14:00.096] [main/INFO] [tacz/SYNCED_ENTITY_DATA_TAC_COPY]: Registered synced data key tacz:is_bolting for minecraft:living_entity
[16May2026 01:14:00.096] [main/INFO] [tacz/SYNCED_ENTITY_DATA_TAC_COPY]: Registered synced data key tacz:throwable_using for minecraft:living_entity
[16May2026 01:14:00.097] [main/INFO] [journeymap/]: Initializing Packet Registries
[16May2026 01:14:00.116] [main/INFO] [terrablender/]: Registered region yungscavebiomes:overworld to index 8 for type OVERWORLD
[16May2026 01:14:00.208] [main/INFO] [Moonlight/]: Initialized color sets in 91ms
[16May2026 01:14:00.208] [main/INFO] [terrablender/]: Registered region regions_unexplored:primary to index 9 for type OVERWORLD
[16May2026 01:14:00.208] [main/INFO] [terrablender/]: Registered region regions_unexplored:secondary to index 10 for type OVERWORLD
[16May2026 01:14:00.208] [main/INFO] [terrablender/]: Registered region regions_unexplored:nether to index 3 for type NETHER
[16May2026 01:14:00.283] [Forge Version Check/INFO] [net.minecraftforge.fml.VersionChecker/]: [structure_gel] Found status: BETA Current: 2.16.2 Target: null
[16May2026 01:14:00.283] [Forge Version Check/INFO] [net.minecraftforge.fml.VersionChecker/]: [mcwtrpdoors] Starting version check at https://raw.githubusercontent.com/sketchmacaw/macawsmods/master/trapdoors.json
[16May2026 01:14:00.293] [Forge Version Check/INFO] [net.minecraftforge.fml.VersionChecker/]: [mcwtrpdoors] Found status: UP_TO_DATE Current: 1.1.5 Target: null
[16May2026 01:14:00.293] [Forge Version Check/INFO] [net.minecraftforge.fml.VersionChecker/]: [metalbundles] Starting version check at https://raw.githubusercontent.com/Fuzss/modresources/main/update/metalbundles.json
[16May2026 01:14:00.306] [Forge Version Check/INFO] [net.minecraftforge.fml.VersionChecker/]: [metalbundles] Found status: UP_TO_DATE Current: 8.0.2 Target: null
[16May2026 01:14:00.306] [Forge Version Check/INFO] [net.minecraftforge.fml.VersionChecker/]: [workers] Starting version check at https://raw.githubusercontent.com/talhanation/workers/main/update.json
[16May2026 01:14:00.322] [Forge Version Check/INFO] [net.minecraftforge.fml.VersionChecker/]: [workers] Found status: UP_TO_DATE Current: 1.7.9.1 Target: null
[16May2026 01:14:00.323] [Forge Version Check/INFO] [net.minecraftforge.fml.VersionChecker/]: [mr_dungeons_andtaverns] Starting version check at https://api.modrinth.com/updates/tpehi7ww/forge_updates.json
[16May2026 01:14:00.355] [Forge Version Check/INFO] [net.minecraftforge.fml.VersionChecker/]: [mr_dungeons_andtaverns] Found status: OUTDATED Current: 3.0.3.f Target: 3.0.3.f+mod
[16May2026 01:14:00.356] [Forge Version Check/INFO] [net.minecraftforge.fml.VersionChecker/]: [tombstone] Starting version check at https://raw.githubusercontent.com/Corail31/tombstone_lite/master/update.json
[16May2026 01:14:00.366] [Forge Version Check/INFO] [net.minecraftforge.fml.VersionChecker/]: [tombstone] Found status: UP_TO_DATE Current: 9.0.10 Target: null
[16May2026 01:14:00.366] [Forge Version Check/INFO] [net.minecraftforge.fml.VersionChecker/]: [cumulus_menus] Starting version check at https://github.com/The-Aether-Team/Cumulus/raw/1.20.1-develop/update.json
[16May2026 01:14:00.430] [Forge Version Check/INFO] [net.minecraftforge.fml.VersionChecker/]: [cumulus_menus] Found status: UP_TO_DATE Current: 1.20.1-1.0.1-neoforge Target: null
[16May2026 01:14:00.430] [Forge Version Check/INFO] [net.minecraftforge.fml.VersionChecker/]: [mcwroofs] Starting version check at https://raw.githubusercontent.com/sketchmacaw/macawsmods/master/roofs.json
[16May2026 01:14:00.442] [Forge Version Check/INFO] [net.minecraftforge.fml.VersionChecker/]: [mcwroofs] Found status: UP_TO_DATE Current: 2.3.2 Target: null
[16May2026 01:14:00.442] [Forge Version Check/INFO] [net.minecraftforge.fml.VersionChecker/]: [mcwfurnitures] Starting version check at https://raw.githubusercontent.com/sketchmacaw/macawsmods/master/furniture.json
[16May2026 01:14:00.452] [Forge Version Check/INFO] [net.minecraftforge.fml.VersionChecker/]: [mcwfurnitures] Found status: UP_TO_DATE Current: 3.4.1 Target: null
[16May2026 01:14:00.452] [Forge Version Check/INFO] [net.minecraftforge.fml.VersionChecker/]: [easyshulkerboxes] Starting version check at https://raw.githubusercontent.com/Fuzss/modresources/main/update/easyshulkerboxes.json
[16May2026 01:14:00.469] [Forge Version Check/INFO] [net.minecraftforge.fml.VersionChecker/]: [easyshulkerboxes] Found status: UP_TO_DATE Current: 8.0.2 Target: null
[16May2026 01:14:00.469] [Forge Version Check/INFO] [net.minecraftforge.fml.VersionChecker/]: [recruits] Starting version check at https://raw.githubusercontent.com/talhanation/recruits/main/update.json
[16May2026 01:14:00.481] [Forge Version Check/INFO] [net.minecraftforge.fml.VersionChecker/]: [recruits] Found status: UP_TO_DATE Current: 1.15.0 Target: null
[16May2026 01:14:00.481] [Forge Version Check/INFO] [net.minecraftforge.fml.VersionChecker/]: [mcwlights] Starting version check at https://raw.githubusercontent.com/sketchmacaw/macawsmods/master/lights.json
[16May2026 01:14:00.492] [Forge Version Check/INFO] [net.minecraftforge.fml.VersionChecker/]: [mcwlights] Found status: UP_TO_DATE Current: 1.1.5 Target: null
[16May2026 01:14:00.492] [Forge Version Check/INFO] [net.minecraftforge.fml.VersionChecker/]: [fastload] Starting version check at https://github.com/BumbleSoftware/Fastload/raw/Forge-1.20.1/updates.json
[16May2026 01:14:00.512] [Forge Version Check/INFO] [net.minecraftforge.fml.VersionChecker/]: [fastload] Found status: UP_TO_DATE Current: 3.4.0 Target: null
[16May2026 01:14:00.512] [Forge Version Check/INFO] [net.minecraftforge.fml.VersionChecker/]: [puzzlesapi] Starting version check at https://raw.githubusercontent.com/Fuzss/modresources/main/update/puzzlesapi.json
[16May2026 01:14:00.521] [Forge Version Check/INFO] [net.minecraftforge.fml.VersionChecker/]: [puzzlesapi] Found status: BETA Current: 8.1.6 Target: null
[16May2026 01:14:00.523] [Forge Version Check/INFO] [net.minecraftforge.fml.VersionChecker/]: [visualworkbench] Starting version check at https://raw.githubusercontent.com/Fuzss/modresources/main/update/visualworkbench.json
[16May2026 01:14:00.532] [Forge Version Check/INFO] [net.minecraftforge.fml.VersionChecker/]: [visualworkbench] Found status: UP_TO_DATE Current: 8.0.1 Target: null
[16May2026 01:14:00.532] [Forge Version Check/INFO] [net.minecraftforge.fml.VersionChecker/]: [stoneworks] Starting version check at https://raw.githubusercontent.com/Fuzss/modresources/main/update/stoneworks.json
[16May2026 01:14:00.542] [Forge Version Check/INFO] [net.minecraftforge.fml.VersionChecker/]: [stoneworks] Found status: UP_TO_DATE Current: 8.0.0 Target: null
[16May2026 01:14:00.542] [Forge Version Check/INFO] [net.minecraftforge.fml.VersionChecker/]: [puzzlesaccessapi] Starting version check at https://raw.githubusercontent.com/Fuzss/modresources/main/update/puzzlesaccessapi.json
[16May2026 01:14:00.552] [Forge Version Check/INFO] [net.minecraftforge.fml.VersionChecker/]: [puzzlesaccessapi] Found status: BETA Current: 20.1.1 Target: null
[16May2026 01:14:00.553] [Forge Version Check/INFO] [net.minecraftforge.fml.VersionChecker/]: [forge] Starting version check at https://files.minecraftforge.net/net/minecraftforge/forge/promotions_slim.json
[16May2026 01:14:00.639] [Forge Version Check/INFO] [net.minecraftforge.fml.VersionChecker/]: [forge] Found status: UP_TO_DATE Current: 47.4.10 Target: null
[16May2026 01:14:00.639] [Forge Version Check/INFO] [net.minecraftforge.fml.VersionChecker/]: [mcwpaths] Starting version check at https://raw.githubusercontent.com/sketchmacaw/macawsmods/master/paths.json
[16May2026 01:14:00.648] [Forge Version Check/INFO] [net.minecraftforge.fml.VersionChecker/]: [mcwpaths] Found status: UP_TO_DATE Current: 1.1.1 Target: null
[16May2026 01:14:00.648] [Forge Version Check/INFO] [net.minecraftforge.fml.VersionChecker/]: [commonality] Starting version check at https://api.modrinth.com/updates/apexcore/forge_updates.json
[16May2026 01:14:00.674] [Forge Version Check/INFO] [net.minecraftforge.fml.VersionChecker/]: [commonality] Found status: OUTDATED Current: 7.0.0 Target: 10.0.0
[16May2026 01:14:00.674] [Forge Version Check/INFO] [net.minecraftforge.fml.VersionChecker/]: [puzzleslib] Starting version check at https://raw.githubusercontent.com/Fuzss/modresources/main/update/puzzleslib.json
[16May2026 01:14:00.690] [Forge Version Check/INFO] [net.minecraftforge.fml.VersionChecker/]: [puzzleslib] Found status: UP_TO_DATE Current: 8.1.33 Target: null
[16May2026 01:14:00.691] [Forge Version Check/INFO] [net.minecraftforge.fml.VersionChecker/]: [aether] Starting version check at https://github.com/The-Aether-Team/The-Aether/raw/1.20.1-develop/update.json
[16May2026 01:14:00.701] [modloading-worker-0/INFO] [Jade/]: Start loading plugin at org.betterx.betternether.integrations.jade.JadePlugin
[16May2026 01:14:00.709] [modloading-worker-0/INFO] [Jade/]: Start loading plugin at net.blay09.mods.balm.forge.compat.hudinfo.ForgeJadeModCompat
[16May2026 01:14:00.710] [modloading-worker-0/INFO] [Jade/]: Start loading plugin at net.mehvahdjukaar.supplementaries.integration.JadeCompat
[16May2026 01:14:00.712] [modloading-worker-0/INFO] [Jade/]: Start loading plugin at ovh.corail.tombstone.compatibility.IntegrationJade
[16May2026 01:14:00.714] [Forge Version Check/INFO] [net.minecraftforge.fml.VersionChecker/]: [aether] Found status: UP_TO_DATE Current: 1.20.1-1.5.2-neoforge Target: null
[16May2026 01:14:00.714] [Forge Version Check/INFO] [net.minecraftforge.fml.VersionChecker/]: [deep_aether] Starting version check at https://github.com/RazorDevs/Deep-Aether/raw/1.20.1-1.1/update.json
[16May2026 01:14:00.715] [modloading-worker-0/INFO] [Jade/]: Start loading plugin at com.aetherteam.aether.integration.jade.AetherJadePlugin
[16May2026 01:14:00.716] [modloading-worker-0/INFO] [Jade/]: Start loading plugin at twilightforest.compat.jade.JadeCompat
[16May2026 01:14:00.721] [modloading-worker-0/INFO] [Jade/]: Start loading plugin at snownee.jade.addon.vanilla.VanillaPlugin
[16May2026 01:14:00.735] [modloading-worker-0/INFO] [Jade/]: Start loading plugin at snownee.jade.addon.universal.UniversalPlugin
[16May2026 01:14:00.738] [modloading-worker-0/INFO] [Jade/]: Start loading plugin at snownee.jade.addon.core.CorePlugin
[16May2026 01:14:00.766] [main/INFO] [citadel/]: adding citadel surface rules via terrablender...
[16May2026 01:14:00.768] [main/INFO] [citadel/]: Added 0 vanilla biome surface rule types via terrablender
[16May2026 01:14:00.768] [main/INFO] [citadel/]: Added 0 modded biome surface rule types via terrablender
[16May2026 01:14:00.809] [Forge Version Check/INFO] [net.minecraftforge.fml.VersionChecker/]: [deep_aether] Found status: UP_TO_DATE Current: 1.20.1-1.1.7 Target: null
[16May2026 01:14:00.809] [Forge Version Check/INFO] [net.minecraftforge.fml.VersionChecker/]: [illagerinvasion] Starting version check at https://raw.githubusercontent.com/Fuzss/modresources/main/update/illagerinvasion.json
[16May2026 01:14:00.827] [Forge Version Check/INFO] [net.minecraftforge.fml.VersionChecker/]: [illagerinvasion] Found status: UP_TO_DATE Current: 8.0.7 Target: null
[16May2026 01:14:00.827] [Forge Version Check/INFO] [net.minecraftforge.fml.VersionChecker/]: [cobweb] Starting version check at https://api.modrinth.com/updates/cobweb/forge_updates.json
[16May2026 01:14:00.859] [Forge Version Check/INFO] [net.minecraftforge.fml.VersionChecker/]: [cobweb] Found status: UP_TO_DATE Current: 1.0.1 Target: null
[16May2026 01:14:00.859] [Forge Version Check/INFO] [net.minecraftforge.fml.VersionChecker/]: [soul_fire_d] Starting version check at https://api.modrinth.com/updates/soul-fire-d/forge_updates.json
[16May2026 01:14:00.910] [Forge Version Check/INFO] [net.minecraftforge.fml.VersionChecker/]: [soul_fire_d] Found status: UP_TO_DATE Current: 4.0.11 Target: null
[16May2026 01:14:00.910] [Forge Version Check/INFO] [net.minecraftforge.fml.VersionChecker/]: [mcwdoors] Starting version check at https://raw.githubusercontent.com/sketchmacaw/macawsmods/master/doors.json
[16May2026 01:14:00.920] [Forge Version Check/INFO] [net.minecraftforge.fml.VersionChecker/]: [mcwdoors] Found status: AHEAD Current: 1.1.5 Target: null
[16May2026 01:14:00.920] [Forge Version Check/INFO] [net.minecraftforge.fml.VersionChecker/]: [additionalstructures] Starting version check at https://raw.githubusercontent.com/XxRexRaptorxX/Update-Checker/main/AdditionalStructures.json
[16May2026 01:14:00.931] [Forge Version Check/INFO] [net.minecraftforge.fml.VersionChecker/]: [additionalstructures] Found status: UP_TO_DATE Current: 4.2.2 Target: null
[16May2026 01:14:00.931] [Forge Version Check/INFO] [net.minecraftforge.fml.VersionChecker/]: [twilightforest] Starting version check at https://gh.tamaized.com/TeamTwilight/twilightforest/update.json
[16May2026 01:14:01.022] [Forge Version Check/INFO] [net.minecraftforge.fml.VersionChecker/]: [twilightforest] Found status: AHEAD Current: 4.3.2508 Target: null
[16May2026 01:14:01.022] [Forge Version Check/INFO] [net.minecraftforge.fml.VersionChecker/]: [equipmentcompare] Starting version check at https://mc-update-check.anthonyhilyard.com/502561
[16May2026 01:14:01.259] [Forge Version Check/INFO] [net.minecraftforge.fml.VersionChecker/]: [equipmentcompare] Found status: UP_TO_DATE Current: 1.3.7 Target: null
[16May2026 01:14:01.259] [Forge Version Check/INFO] [net.minecraftforge.fml.VersionChecker/]: [mcwbridges] Starting version check at https://raw.githubusercontent.com/sketchmacaw/macawsmods/master/bridges.json
[16May2026 01:14:01.269] [Forge Version Check/INFO] [net.minecraftforge.fml.VersionChecker/]: [mcwbridges] Found status: AHEAD Current: 3.1.2 Target: null
[16May2026 01:14:01.269] [Forge Version Check/INFO] [net.minecraftforge.fml.VersionChecker/]: [mcwfences] Starting version check at https://raw.githubusercontent.com/sketchmacaw/macawsmods/master/fences.json
[16May2026 01:14:01.281] [Forge Version Check/INFO] [net.minecraftforge.fml.VersionChecker/]: [mcwfences] Found status: UP_TO_DATE Current: 1.2.1 Target: null
[16May2026 01:14:01.281] [Forge Version Check/INFO] [net.minecraftforge.fml.VersionChecker/]: [dungeons_enhanced] Starting version check at https://raw.githubusercontent.com/Ametrin-Studios/DungeonsEnhanced/refs/heads/master/update.json
[16May2026 01:14:01.291] [Forge Version Check/INFO] [net.minecraftforge.fml.VersionChecker/]: [dungeons_enhanced] Found status: UP_TO_DATE Current: 5.4.3 Target: null
[16May2026 01:14:01.291] [Forge Version Check/INFO] [net.minecraftforge.fml.VersionChecker/]: [mcwpaintings] Starting version check at https://raw.githubusercontent.com/sketchmacaw/macawsmods/master/paintings.json
[16May2026 01:14:01.304] [Forge Version Check/INFO] [net.minecraftforge.fml.VersionChecker/]: [mcwpaintings] Found status: AHEAD Current: 1.1.0 Target: null
[16May2026 01:14:01.304] [Forge Version Check/INFO] [net.minecraftforge.fml.VersionChecker/]: [clumps] Starting version check at https://updates.blamejared.com/get?n=clumps&gv=1.20.1
[16May2026 01:14:01.581] [main/INFO] [com.mojang.authlib.yggdrasil.YggdrasilAuthenticationService/]: Environment: authHost='https://authserver.mojang.com', accountsHost='https://api.mojang.com', sessionHost='https://sessionserver.mojang.com', servicesHost='https://api.minecraftservices.com', name='PROD'
[16May2026 01:14:01.639] [Forge Version Check/INFO] [net.minecraftforge.fml.VersionChecker/]: [clumps] Found status: BETA Current: 12.0.0.4 Target: 12.0.0.4
[16May2026 01:14:01.639] [Forge Version Check/INFO] [net.minecraftforge.fml.VersionChecker/]: [journeymap] Starting version check at https://forge.curseupdate.com/32274/journeymap
[16May2026 01:14:01.752] [Forge Version Check/INFO] [net.minecraftforge.fml.VersionChecker/]: [journeymap] Found status: UP_TO_DATE Current: 5.10.3 Target: null
[16May2026 01:14:01.754] [Forge Version Check/INFO] [net.minecraftforge.fml.VersionChecker/]: [morevanillashields] Starting version check at https://raw.githubusercontent.com/Rajhab/MoreVanillaShields-UpdateChecker/main/update.json
[16May2026 01:14:01.791] [Forge Version Check/INFO] [net.minecraftforge.fml.VersionChecker/]: [morevanillashields] Found status: UP_TO_DATE Current: 1.1.5-1.20.1 Target: null
[16May2026 01:14:01.791] [Forge Version Check/INFO] [net.minecraftforge.fml.VersionChecker/]: [smoothboot] Starting version check at https://github.com/AbdElAziz333/SmoothBoot-Reloaded/raw/mc1.20.1/dev/updates.json
[16May2026 01:14:01.850] [Forge Version Check/WARN] [net.minecraftforge.fml.VersionChecker/]: Failed to process update information
com.google.gson.JsonSyntaxException: java.lang.IllegalStateException: Expected BEGIN_OBJECT but was STRING at line 9 column 1 path $
	at com.google.gson.Gson.fromJson(Gson.java:1226) ~[gson-2.10.jar%2372!/:?]
	at com.google.gson.Gson.fromJson(Gson.java:1124) ~[gson-2.10.jar%2372!/:?]
	at com.google.gson.Gson.fromJson(Gson.java:1034) ~[gson-2.10.jar%2372!/:?]
	at com.google.gson.Gson.fromJson(Gson.java:969) ~[gson-2.10.jar%2372!/:?]
	at net.minecraftforge.fml.VersionChecker$1.process(VersionChecker.java:186) ~[fmlcore-1.20.1-47.4.10.jar%23507!/:?]
	at java.lang.Iterable.forEach(Iterable.java:75) ~[?:?]
	at net.minecraftforge.fml.VersionChecker$1.run(VersionChecker.java:117) ~[fmlcore-1.20.1-47.4.10.jar%23507!/:?]
Caused by: java.lang.IllegalStateException: Expected BEGIN_OBJECT but was STRING at line 9 column 1 path $
	at com.google.gson.stream.JsonReader.beginObject(JsonReader.java:393) ~[gson-2.10.jar%2372!/:?]
	at com.google.gson.internal.bind.MapTypeAdapterFactory$Adapter.read(MapTypeAdapterFactory.java:182) ~[gson-2.10.jar%2372!/:?]
	at com.google.gson.internal.bind.MapTypeAdapterFactory$Adapter.read(MapTypeAdapterFactory.java:144) ~[gson-2.10.jar%2372!/:?]
	at com.google.gson.Gson.fromJson(Gson.java:1214) ~[gson-2.10.jar%2372!/:?]
	... 6 more
[16May2026 01:14:01.851] [Forge Version Check/INFO] [net.minecraftforge.fml.VersionChecker/]: [iceberg] Starting version check at https://mc-update-check.anthonyhilyard.com/520110
[16May2026 01:14:01.872] [Forge Version Check/INFO] [net.minecraftforge.fml.VersionChecker/]: [iceberg] Found status: UP_TO_DATE Current: 1.1.25 Target: null
[16May2026 01:14:01.872] [Forge Version Check/INFO] [net.minecraftforge.fml.VersionChecker/]: [apexcore] Starting version check at https://api.modrinth.com/updates/apexcore/forge_updates.json
[16May2026 01:14:01.903] [Forge Version Check/INFO] [net.minecraftforge.fml.VersionChecker/]: [apexcore] Found status: UP_TO_DATE Current: 10.0.0 Target: null
[16May2026 01:14:01.903] [Forge Version Check/INFO] [net.minecraftforge.fml.VersionChecker/]: [fantasyfurniture] Starting version check at https://api.modrinth.com/updates/fantasy-furniture/forge_updates.json
[16May2026 01:14:01.930] [Forge Version Check/INFO] [net.minecraftforge.fml.VersionChecker/]: [fantasyfurniture] Found status: UP_TO_DATE Current: 9.0.0 Target: null
[16May2026 01:14:01.930] [Forge Version Check/INFO] [net.minecraftforge.fml.VersionChecker/]: [overflowingbars] Starting version check at https://raw.githubusercontent.com/Fuzss/modresources/main/update/overflowingbars.json
[16May2026 01:14:01.943] [Forge Version Check/INFO] [net.minecraftforge.fml.VersionChecker/]: [overflowingbars] Found status: UP_TO_DATE Current: 8.0.1 Target: null
[16May2026 01:14:01.944] [Forge Version Check/INFO] [net.minecraftforge.fml.VersionChecker/]: [openloader] Starting version check at https://updates.blamejared.com/get?n=openloader&gv=1.20.1
[16May2026 01:14:02.046] [Forge Version Check/INFO] [net.minecraftforge.fml.VersionChecker/]: [openloader] Found status: BETA Current: 19.0.5 Target: 19.0.5
[16May2026 01:14:02.447] [main/INFO] [org.betterx.worlds.together.util.Logger/]: [DataFixerAPI] Applying Patch{betternether:5.3.5:21020677}
[16May2026 01:14:02.447] [main/INFO] [org.betterx.worlds.together.util.Logger/]: [DataFixerAPI] Applying Patch{betternether:8.2.2:33587202}
[16May2026 01:14:02.447] [main/INFO] [org.betterx.worlds.together.util.Logger/]: [DataFixerAPI] Applying Patch{betternether:9.0.1:37748737}
[16May2026 01:14:02.447] [main/INFO] [org.betterx.worlds.together.util.Logger/]: [DataFixerAPI] Applying Patch{bclib:3.0.11:12582923}
[16May2026 01:14:02.447] [main/INFO] [org.betterx.worlds.together.util.Logger/]: [bclib] Running Pre Patchers on ./world/.
[16May2026 01:14:02.468] [main/WARN] [org.betterx.worlds.together.util.Logger/]: [bclib] Applying Fixes on Level
[16May2026 01:14:02.474] [main/INFO] [org.betterx.worlds.together.util.Logger/]: [DataFixerAPI] Inspecting ./world/./playerdata/8a3e8d10-31f8-3a79-8892-dedadf7db51b.dat
[16May2026 01:14:02.475] [ForkJoinPool.commonPool-worker-1/INFO] [org.betterx.worlds.together.util.Logger/]: [DataFixerAPI] Inspecting ./world/./playerdata/3f99899b-3500-358a-9924-a584be359bf4.dat
[16May2026 01:14:02.475] [ForkJoinPool.commonPool-worker-2/INFO] [org.betterx.worlds.together.util.Logger/]: [DataFixerAPI] Inspecting ./world/./playerdata/757fd3d7-fe42-32fc-a63d-d0668ab07a73.dat
[16May2026 01:14:02.571] [main/INFO] [org.betterx.worlds.together.util.Logger/]: [DataFixerAPI] Inspecting level.dat in ./world/.
[16May2026 01:14:02.572] [main/INFO] [org.betterx.worlds.together.util.Logger/]: [DataFixerAPI] Inspecting ./world/./region/r.1.4.mca
[16May2026 01:14:02.572] [ForkJoinPool.commonPool-worker-2/INFO] [org.betterx.worlds.together.util.Logger/]: [DataFixerAPI] Inspecting ./world/./poi/r.1.3.mca
[16May2026 01:14:02.572] [ForkJoinPool.commonPool-worker-1/INFO] [org.betterx.worlds.together.util.Logger/]: [DataFixerAPI] Inspecting ./world/./region/r.2.0.mca
[16May2026 01:14:02.573] [ForkJoinPool.commonPool-worker-3/INFO] [org.betterx.worlds.together.util.Logger/]: [DataFixerAPI] Inspecting ./world/./entities/r.-1.-1.mca
[16May2026 01:14:02.634] [ForkJoinPool.commonPool-worker-2/INFO] [org.betterx.worlds.together.util.Logger/]: [DataFixerAPI] Inspecting ./world/./poi/r.0.0.mca
[16May2026 01:14:02.634] [main/INFO] [org.betterx.worlds.together.util.Logger/]: [DataFixerAPI] Inspecting ./world/./region/r.-2.-2.mca
[16May2026 01:14:02.889] [ForkJoinPool.commonPool-worker-2/INFO] [org.betterx.worlds.together.util.Logger/]: [DataFixerAPI] Inspecting ./world/./poi/r.1.-1.mca
[16May2026 01:14:02.892] [ForkJoinPool.commonPool-worker-2/INFO] [org.betterx.worlds.together.util.Logger/]: [DataFixerAPI] Inspecting ./world/./poi/r.0.1.mca
[16May2026 01:14:03.003] [ForkJoinPool.commonPool-worker-1/INFO] [org.betterx.worlds.together.util.Logger/]: [DataFixerAPI] Inspecting ./world/./region/r.1.2.mca
[16May2026 01:14:03.088] [ForkJoinPool.commonPool-worker-2/INFO] [org.betterx.worlds.together.util.Logger/]: [DataFixerAPI] Inspecting ./world/./poi/r.1.0.mca
[16May2026 01:14:03.089] [ForkJoinPool.commonPool-worker-1/INFO] [org.betterx.worlds.together.util.Logger/]: [DataFixerAPI] Inspecting ./world/./region/r.0.-2.mca
[16May2026 01:14:03.171] [ForkJoinPool.commonPool-worker-2/INFO] [org.betterx.worlds.together.util.Logger/]: [DataFixerAPI] Inspecting ./world/./poi/r.-2.-2.mca
[16May2026 01:14:03.179] [ForkJoinPool.commonPool-worker-2/INFO] [org.betterx.worlds.together.util.Logger/]: [DataFixerAPI] Inspecting ./world/./poi/r.-1.2.mca
[16May2026 01:14:03.205] [ForkJoinPool.commonPool-worker-2/INFO] [org.betterx.worlds.together.util.Logger/]: [DataFixerAPI] Inspecting ./world/./poi/r.2.-1.mca
[16May2026 01:14:03.237] [ForkJoinPool.commonPool-worker-2/INFO] [org.betterx.worlds.together.util.Logger/]: [DataFixerAPI] Inspecting ./world/./poi/r.-3.-1.mca
[16May2026 01:14:03.252] [ForkJoinPool.commonPool-worker-2/INFO] [org.betterx.worlds.together.util.Logger/]: [DataFixerAPI] Inspecting ./world/./poi/r.2.0.mca
[16May2026 01:14:03.253] [ForkJoinPool.commonPool-worker-2/INFO] [org.betterx.worlds.together.util.Logger/]: [DataFixerAPI] Inspecting ./world/./poi/r.1.2.mca
[16May2026 01:14:03.254] [ForkJoinPool.commonPool-worker-2/INFO] [org.betterx.worlds.together.util.Logger/]: [DataFixerAPI] Inspecting ./world/./poi/r.0.-2.mca
[16May2026 01:14:03.295] [ForkJoinPool.commonPool-worker-2/INFO] [org.betterx.worlds.together.util.Logger/]: [DataFixerAPI] Inspecting ./world/./poi/r.-1.1.mca
[16May2026 01:14:03.436] [ForkJoinPool.commonPool-worker-3/INFO] [org.betterx.worlds.together.util.Logger/]: [DataFixerAPI] Inspecting ./world/./entities/r.0.-2.mca
[16May2026 01:14:03.437] [ForkJoinPool.commonPool-worker-2/INFO] [org.betterx.worlds.together.util.Logger/]: [DataFixerAPI] Inspecting ./world/./poi/r.1.1.mca
[16May2026 01:14:03.439] [ForkJoinPool.commonPool-worker-3/INFO] [org.betterx.worlds.together.util.Logger/]: [DataFixerAPI] Inspecting ./world/./entities/r.-1.1.mca
[16May2026 01:14:03.443] [ForkJoinPool.commonPool-worker-2/INFO] [org.betterx.worlds.together.util.Logger/]: [DataFixerAPI] Inspecting ./world/./poi/r.-2.-1.mca
[16May2026 01:14:03.481] [ForkJoinPool.commonPool-worker-3/INFO] [org.betterx.worlds.together.util.Logger/]: [bclib] Patching... 32%
[16May2026 01:14:03.481] [ForkJoinPool.commonPool-worker-3/INFO] [org.betterx.worlds.together.util.Logger/]: [DataFixerAPI] Inspecting ./world/./entities/r.1.1.mca
[16May2026 01:14:03.520] [ForkJoinPool.commonPool-worker-3/INFO] [org.betterx.worlds.together.util.Logger/]: [DataFixerAPI] Inspecting ./world/./entities/r.-1.-2.mca
[16May2026 01:14:03.523] [ForkJoinPool.commonPool-worker-3/INFO] [org.betterx.worlds.together.util.Logger/]: [DataFixerAPI] Inspecting ./world/./poi/r.0.-1.mca
[16May2026 01:14:03.582] [ForkJoinPool.commonPool-worker-3/INFO] [org.betterx.worlds.together.util.Logger/]: [DataFixerAPI] Inspecting ./world/./poi/r.-3.-2.mca
[16May2026 01:14:03.584] [ForkJoinPool.commonPool-worker-3/INFO] [org.betterx.worlds.together.util.Logger/]: [DataFixerAPI] Inspecting ./world/./poi/r.-1.0.mca
[16May2026 01:14:03.829] [ForkJoinPool.commonPool-worker-2/INFO] [org.betterx.worlds.together.util.Logger/]: [DataFixerAPI] Inspecting ./world/./poi/r.-2.1.mca
[16May2026 01:14:03.829] [ForkJoinPool.commonPool-worker-2/INFO] [org.betterx.worlds.together.util.Logger/]: [DataFixerAPI] Inspecting ./world/./poi/r.2.1.mca
[16May2026 01:14:03.832] [ForkJoinPool.commonPool-worker-2/INFO] [org.betterx.worlds.together.util.Logger/]: [DataFixerAPI] Inspecting ./world/./poi/r.-1.-1.mca
[16May2026 01:14:03.878] [ForkJoinPool.commonPool-worker-3/INFO] [org.betterx.worlds.together.util.Logger/]: [DataFixerAPI] Inspecting ./world/./poi/r.-2.0.mca
[16May2026 01:14:03.882] [ForkJoinPool.commonPool-worker-3/INFO] [org.betterx.worlds.together.util.Logger/]: [DataFixerAPI] Inspecting ./world/./entities/r.0.0.mca
[16May2026 01:14:04.044] [ForkJoinPool.commonPool-worker-2/INFO] [org.betterx.worlds.together.util.Logger/]: [DataFixerAPI] Inspecting ./world/./region/r.-3.-2.mca
[16May2026 01:14:04.099] [ForkJoinPool.commonPool-worker-2/INFO] [org.betterx.worlds.together.util.Logger/]: [DataFixerAPI] Inspecting ./world/./region/r.-1.0.mca
[16May2026 01:14:04.480] [ForkJoinPool.commonPool-worker-1/INFO] [org.betterx.worlds.together.util.Logger/]: [DataFixerAPI] Inspecting ./world/./region/r.-5.2.mca
[16May2026 01:14:04.482] [ForkJoinPool.commonPool-worker-1/INFO] [org.betterx.worlds.together.util.Logger/]: [bclib] Patching... 48%
[16May2026 01:14:04.482] [ForkJoinPool.commonPool-worker-1/INFO] [org.betterx.worlds.together.util.Logger/]: [DataFixerAPI] Inspecting ./world/./region/r.-1.1.mca
[16May2026 01:14:04.483] [ForkJoinPool.commonPool-worker-3/INFO] [org.betterx.worlds.together.util.Logger/]: [DataFixerAPI] Inspecting ./world/./entities/r.1.-1.mca
[16May2026 01:14:04.576] [ForkJoinPool.commonPool-worker-3/INFO] [org.betterx.worlds.together.util.Logger/]: [DataFixerAPI] Inspecting ./world/./entities/r.0.1.mca
[16May2026 01:14:04.904] [ForkJoinPool.commonPool-worker-3/INFO] [org.betterx.worlds.together.util.Logger/]: [DataFixerAPI] Inspecting ./world/./entities/r.1.0.mca
[16May2026 01:14:05.235] [ForkJoinPool.commonPool-worker-3/INFO] [org.betterx.worlds.together.util.Logger/]: [DataFixerAPI] Inspecting ./world/./entities/r.-2.-1.mca
[16May2026 01:14:05.257] [main/INFO] [org.betterx.worlds.together.util.Logger/]: [DataFixerAPI] Inspecting ./world/./region/r.-1.2.mca
[16May2026 01:14:05.268] [main/INFO] [org.betterx.worlds.together.util.Logger/]: [DataFixerAPI] Inspecting ./world/./region/r.-2.3.mca
[16May2026 01:14:05.270] [main/INFO] [org.betterx.worlds.together.util.Logger/]: [DataFixerAPI] Inspecting ./world/./region/r.2.-1.mca
[16May2026 01:14:05.274] [ForkJoinPool.commonPool-worker-3/INFO] [org.betterx.worlds.together.util.Logger/]: [DataFixerAPI] Inspecting ./world/./entities/r.0.-1.mca
[16May2026 01:14:05.398] [main/INFO] [org.betterx.worlds.together.util.Logger/]: [DataFixerAPI] Inspecting ./world/./region/r.-3.-1.mca
[16May2026 01:14:05.677] [ForkJoinPool.commonPool-worker-3/INFO] [org.betterx.worlds.together.util.Logger/]: [bclib] Patching... 61%
[16May2026 01:14:05.677] [ForkJoinPool.commonPool-worker-3/INFO] [org.betterx.worlds.together.util.Logger/]: [DataFixerAPI] Inspecting ./world/./entities/r.-1.0.mca
[16May2026 01:14:05.955] [main/INFO] [org.betterx.worlds.together.util.Logger/]: [DataFixerAPI] Inspecting ./world/./region/r.2.4.mca
[16May2026 01:14:05.961] [main/INFO] [org.betterx.worlds.together.util.Logger/]: [DataFixerAPI] Inspecting ./world/./region/r.1.3.mca
[16May2026 01:14:05.966] [main/INFO] [org.betterx.worlds.together.util.Logger/]: [DataFixerAPI] Inspecting ./world/./region/r.0.0.mca
[16May2026 01:14:05.967] [ForkJoinPool.commonPool-worker-3/INFO] [org.betterx.worlds.together.util.Logger/]: [DataFixerAPI] Inspecting ./world/./entities/r.-2.0.mca
[16May2026 01:14:05.969] [ForkJoinPool.commonPool-worker-3/INFO] [org.betterx.worlds.together.util.Logger/]: [DataFixerAPI] Inspecting ./world/./entities/r.-2.-2.mca
[16May2026 01:14:05.970] [ForkJoinPool.commonPool-worker-3/INFO] [org.betterx.worlds.together.util.Logger/]: [DataFixerAPI] Inspecting ./world/./poi/r.1.-2.mca
[16May2026 01:14:05.972] [ForkJoinPool.commonPool-worker-3/INFO] [org.betterx.worlds.together.util.Logger/]: [DataFixerAPI] Inspecting ./world/./poi/r.-1.-2.mca
[16May2026 01:14:06.050] [ForkJoinPool.commonPool-worker-3/INFO] [org.betterx.worlds.together.util.Logger/]: [DataFixerAPI] Inspecting ./world/./poi/r.0.2.mca
[16May2026 01:14:06.051] [ForkJoinPool.commonPool-worker-3/INFO] [org.betterx.worlds.together.util.Logger/]: [DataFixerAPI] Inspecting ./world/./region/r.0.-1.mca
[16May2026 01:14:07.655] [ForkJoinPool.commonPool-worker-1/INFO] [org.betterx.worlds.together.util.Logger/]: [bclib] Patching... 73%
[16May2026 01:14:07.656] [ForkJoinPool.commonPool-worker-1/INFO] [org.betterx.worlds.together.util.Logger/]: [DataFixerAPI] Inspecting ./world/./region/r.1.1.mca
[16May2026 01:14:08.363] [ForkJoinPool.commonPool-worker-2/INFO] [org.betterx.worlds.together.util.Logger/]: [DataFixerAPI] Inspecting ./world/./region/r.4.-4.mca
[16May2026 01:14:08.365] [ForkJoinPool.commonPool-worker-2/INFO] [org.betterx.worlds.together.util.Logger/]: [DataFixerAPI] Inspecting ./world/./region/r.3.-1.mca
[16May2026 01:14:08.367] [ForkJoinPool.commonPool-worker-2/INFO] [org.betterx.worlds.together.util.Logger/]: [DataFixerAPI] Inspecting ./world/./region/r.-2.0.mca
[16May2026 01:14:08.542] [ForkJoinPool.commonPool-worker-1/INFO] [org.betterx.worlds.together.util.Logger/]: [DataFixerAPI] Inspecting ./world/./region/r.1.-2.mca
[16May2026 01:14:08.553] [ForkJoinPool.commonPool-worker-1/INFO] [org.betterx.worlds.together.util.Logger/]: [DataFixerAPI] Inspecting ./world/./region/r.2.3.mca
[16May2026 01:14:08.556] [ForkJoinPool.commonPool-worker-1/INFO] [org.betterx.worlds.together.util.Logger/]: [DataFixerAPI] Inspecting ./world/./region/r.-1.-2.mca
[16May2026 01:14:08.723] [ForkJoinPool.commonPool-worker-1/INFO] [org.betterx.worlds.together.util.Logger/]: [bclib] Patching... 82%
[16May2026 01:14:08.724] [ForkJoinPool.commonPool-worker-1/INFO] [org.betterx.worlds.together.util.Logger/]: [DataFixerAPI] Inspecting ./world/./region/r.0.2.mca
[16May2026 01:14:08.822] [ForkJoinPool.commonPool-worker-1/INFO] [org.betterx.worlds.together.util.Logger/]: [DataFixerAPI] Inspecting ./world/./region/r.-2.-1.mca
[16May2026 01:14:08.869] [ForkJoinPool.commonPool-worker-2/INFO] [org.betterx.worlds.together.util.Logger/]: [DataFixerAPI] Inspecting ./world/./region/r.1.-1.mca
[16May2026 01:14:09.631] [ForkJoinPool.commonPool-worker-2/INFO] [org.betterx.worlds.together.util.Logger/]: [DataFixerAPI] Inspecting ./world/./region/r.-3.0.mca
[16May2026 01:14:09.633] [ForkJoinPool.commonPool-worker-2/INFO] [org.betterx.worlds.together.util.Logger/]: [DataFixerAPI] Inspecting ./world/./region/r.0.1.mca
[16May2026 01:14:10.998] [ForkJoinPool.commonPool-worker-1/INFO] [org.betterx.worlds.together.util.Logger/]: [bclib] Patching... 91%
[16May2026 01:14:10.999] [ForkJoinPool.commonPool-worker-1/INFO] [org.betterx.worlds.together.util.Logger/]: [DataFixerAPI] Inspecting ./world/./region/r.1.-6.mca
[16May2026 01:14:10.999] [ForkJoinPool.commonPool-worker-1/INFO] [org.betterx.worlds.together.util.Logger/]: [DataFixerAPI] Inspecting ./world/./region/r.-2.1.mca
[16May2026 01:14:11.068] [ForkJoinPool.commonPool-worker-1/INFO] [org.betterx.worlds.together.util.Logger/]: [DataFixerAPI] Inspecting ./world/./region/r.2.1.mca
[16May2026 01:14:11.074] [ForkJoinPool.commonPool-worker-1/INFO] [org.betterx.worlds.together.util.Logger/]: [DataFixerAPI] Inspecting ./world/./region/r.-1.-1.mca
[16May2026 01:14:11.486] [ForkJoinPool.commonPool-worker-2/INFO] [org.betterx.worlds.together.util.Logger/]: [DataFixerAPI] Inspecting ./world/./region/r.1.0.mca
[16May2026 01:14:12.755] [ForkJoinPool.commonPool-worker-1/INFO] [org.betterx.worlds.together.util.Logger/]: [bclib] Patching... 97%
[16May2026 01:14:12.827] [main/INFO] [org.betterx.worlds.together.util.Logger/]: [DataFixerAPI] Updating Patch-Level for 'betternether' from 0.0.0 to 9.0.1
[16May2026 01:14:12.828] [main/INFO] [org.betterx.worlds.together.util.Logger/]: [DataFixerAPI] Updating Patch-Level for 'bclib' from 0.0.0 to 3.0.11
[16May2026 01:14:12.840] [main/WARN] [net.minecraft.server.packs.VanillaPackResourcesBuilder/]: Assets URL 'union:/workspaces/PROYECTO-DE-RESPONSABILIDAD-SOCIAL-RSU/servidor_minecraft/libraries/net/minecraft/server/1.20.1-20230612.114412/server-1.20.1-20230612.114412-srg.jar%23506!/assets/.mcassetsroot' uses unexpected schema
[16May2026 01:14:12.840] [main/WARN] [net.minecraft.server.packs.VanillaPackResourcesBuilder/]: Assets URL 'union:/workspaces/PROYECTO-DE-RESPONSABILIDAD-SOCIAL-RSU/servidor_minecraft/libraries/net/minecraft/server/1.20.1-20230612.114412/server-1.20.1-20230612.114412-srg.jar%23506!/data/.mcassetsroot' uses unexpected schema
[16May2026 01:14:13.056] [main/INFO] [tacz/GunPackFinder]: Start scanning for gun packs in /workspaces/PROYECTO-DE-RESPONSABILIDAD-SOCIAL-RSU/servidor_minecraft/tacz
[16May2026 01:14:13.081] [main/INFO] [tacz/GunPackFinder]: - tacz_default_gun, Main namespace: tacz
[16May2026 01:14:13.081] [main/INFO] [tacz/GunPackFinder]: Found 1 possible gunpack(s) and added them to resource set.
[16May2026 01:14:13.146] [main/INFO] [Open Loader/]: Preparing Data Pack injection.
[16May2026 01:14:13.147] [main/INFO] [Open Loader/]: Successfully injected 0/0 packs from /workspaces/PROYECTO-DE-RESPONSABILIDAD-SOCIAL-RSU/servidor_minecraft/config/openloader/data.
[16May2026 01:14:13.241] [main/INFO] [Moonlight/]: Starting runtime resource generation for pack type SERVER_DATA with generators from mods [supplementaries]: [net.mehvahdjukaar.supplementaries.dynamicpack.ServerDynamicResourcesGenerator@89af270]
[16May2026 01:14:13.242] [main/INFO] [Moonlight/]: Generating runtime assets for pack Supplementaries Generated Pack (supplementaries)
[16May2026 01:14:13.356] [main/INFO] [Supplementaries/]: Generated runtime SERVER_DATA for pack Supplementaries Generated Pack (supplementaries) in: 114 ms (multithreaded)
[16May2026 01:14:13.359] [main/INFO] [Moonlight/]: Finished runtime resources generation for 1 packs in a total of 117 ms
[16May2026 01:14:15.593] [main/INFO] [bettervillage/]: StructureSet modified for minecraft:village : Now using custom village configuration (can be disabled in the better villages config: boolean.villages.enabled_custom_config).
[16May2026 01:14:16.067] [main/INFO] [org.betterx.worlds.together.util.Logger/]: [bclib] Updating Pickers for BCLib - The End  BiomeSource (4969d959)
[16May2026 01:14:16.072] [main/INFO] [org.betterx.worlds.together.util.Logger/]: [bclib] Unable to build Biome List yet
[16May2026 01:14:16.073] [main/INFO] [org.betterx.worlds.together.util.Logger/]: [bclib] No Void Biomes found. Disabling by using barrens
[16May2026 01:14:16.074] [main/INFO] [org.betterx.worlds.together.util.Logger/]: [bclib] No Barrens Biomes found. Disabling by using land Biomes
[16May2026 01:14:16.074] [main/WARN] [org.betterx.worlds.together.util.Logger/]: [bclib] No Center Island Biomes found. Forcing use of vanilla center.
[16May2026 01:14:16.138] [main/INFO] [org.betterx.worlds.together.util.Logger/]: [bclib] Make sure features are loaded from terrablender:org.betterx.bclib.api.v2.generator.BCLibEndBiomeSource
[16May2026 01:14:16.138] [main/INFO] [org.betterx.worlds.together.util.Logger/]: [bclib] Updating Pickers for BCLib - Nether BiomeSource (3fb4084f)
[16May2026 01:14:16.138] [main/INFO] [org.betterx.worlds.together.util.Logger/]: [bclib] Unable to build Biome List yet
[16May2026 01:14:16.146] [main/INFO] [org.betterx.worlds.together.util.Logger/]: [bclib] Make sure features are loaded from terrablender:org.betterx.bclib.api.v2.generator.BCLibNetherBiomeSource
[16May2026 01:14:16.154] [main/INFO] [org.betterx.worlds.together.util.Logger/]: [bclib] Updating Pickers for BCLib - The End  BiomeSource (57659d48)
[16May2026 01:14:16.154] [main/INFO] [org.betterx.worlds.together.util.Logger/]: [bclib] Unable to build Biome List yet
[16May2026 01:14:16.154] [main/INFO] [org.betterx.worlds.together.util.Logger/]: [bclib] No Void Biomes found. Disabling by using barrens
[16May2026 01:14:16.154] [main/INFO] [org.betterx.worlds.together.util.Logger/]: [bclib] No Barrens Biomes found. Disabling by using land Biomes
[16May2026 01:14:16.154] [main/WARN] [org.betterx.worlds.together.util.Logger/]: [bclib] No Center Island Biomes found. Forcing use of vanilla center.
[16May2026 01:14:16.155] [main/INFO] [org.betterx.worlds.together.util.Logger/]: [bclib] Make sure features are loaded from terrablender:org.betterx.bclib.api.v2.generator.BCLibEndBiomeSource
[16May2026 01:14:16.155] [main/INFO] [org.betterx.worlds.together.util.Logger/]: [bclib] Updating Pickers for BCLib - Nether BiomeSource (2bd9d907)
[16May2026 01:14:16.155] [main/INFO] [org.betterx.worlds.together.util.Logger/]: [bclib] Unable to build Biome List yet
[16May2026 01:14:16.156] [main/INFO] [org.betterx.worlds.together.util.Logger/]: [bclib] Make sure features are loaded from terrablender:org.betterx.bclib.api.v2.generator.BCLibNetherBiomeSource
[16May2026 01:14:16.156] [main/INFO] [org.betterx.worlds.together.util.Logger/]: [bclib] Updating Pickers for BCLib - The End  BiomeSource (21cafe11)
[16May2026 01:14:16.156] [main/INFO] [org.betterx.worlds.together.util.Logger/]: [bclib] Unable to build Biome List yet
[16May2026 01:14:16.156] [main/INFO] [org.betterx.worlds.together.util.Logger/]: [bclib] No Void Biomes found. Disabling by using barrens
[16May2026 01:14:16.157] [main/INFO] [org.betterx.worlds.together.util.Logger/]: [bclib] No Barrens Biomes found. Disabling by using land Biomes
[16May2026 01:14:16.157] [main/WARN] [org.betterx.worlds.together.util.Logger/]: [bclib] No Center Island Biomes found. Forcing use of vanilla center.
[16May2026 01:14:16.158] [main/INFO] [org.betterx.worlds.together.util.Logger/]: [bclib] Make sure features are loaded from terrablender:org.betterx.bclib.api.v2.generator.BCLibEndBiomeSource
[16May2026 01:14:16.159] [main/INFO] [org.betterx.worlds.together.util.Logger/]: [bclib] Updating Pickers for BCLib - Nether BiomeSource (15335e52)
[16May2026 01:14:16.159] [main/INFO] [org.betterx.worlds.together.util.Logger/]: [bclib] Unable to build Biome List yet
[16May2026 01:14:16.159] [main/INFO] [org.betterx.worlds.together.util.Logger/]: [bclib] Make sure features are loaded from terrablender:org.betterx.bclib.api.v2.generator.BCLibNetherBiomeSource
[16May2026 01:14:16.160] [main/INFO] [org.betterx.worlds.together.util.Logger/]: [bclib] Updating Pickers for BCLib - The End  BiomeSource (1cddfbb5)
[16May2026 01:14:16.160] [main/INFO] [org.betterx.worlds.together.util.Logger/]: [bclib] Unable to build Biome List yet
[16May2026 01:14:16.160] [main/INFO] [org.betterx.worlds.together.util.Logger/]: [bclib] No Void Biomes found. Disabling by using barrens
[16May2026 01:14:16.160] [main/INFO] [org.betterx.worlds.together.util.Logger/]: [bclib] No Barrens Biomes found. Disabling by using land Biomes
[16May2026 01:14:16.160] [main/WARN] [org.betterx.worlds.together.util.Logger/]: [bclib] No Center Island Biomes found. Forcing use of vanilla center.
[16May2026 01:14:16.161] [main/INFO] [org.betterx.worlds.together.util.Logger/]: [bclib] Make sure features are loaded from terrablender:org.betterx.bclib.api.v2.generator.BCLibEndBiomeSource
[16May2026 01:14:16.161] [main/INFO] [org.betterx.worlds.together.util.Logger/]: [bclib] Updating Pickers for BCLib - Nether BiomeSource (7b6b4093)
[16May2026 01:14:16.161] [main/INFO] [org.betterx.worlds.together.util.Logger/]: [bclib] Unable to build Biome List yet
[16May2026 01:14:16.162] [main/INFO] [org.betterx.worlds.together.util.Logger/]: [bclib] Make sure features are loaded from terrablender:org.betterx.bclib.api.v2.generator.BCLibNetherBiomeSource
[16May2026 01:14:16.442] [main/INFO] [org.betterx.worlds.together.util.Logger/]: [betternether] Freeze Registry[ResourceKey[minecraft:root / worlds_together:worldgen/betterx/surface_rules] (Stable)]
[16May2026 01:14:16.443] [main/INFO] [org.betterx.worlds.together.util.Logger/]: [betternether] Freeze Registry[ResourceKey[minecraft:root / worlds_together:worldgen/betterx/surface_rules] (Stable)]
[16May2026 01:14:16.450] [main/INFO] [org.betterx.worlds.together.util.Logger/]: [betternether] Freeze Registry[ResourceKey[minecraft:root / worlds_together:worldgen/betterx/surface_rules] (Stable)]
[16May2026 01:14:16.455] [main/INFO] [org.betterx.worlds.together.util.Logger/]: [betternether] Freeze Registry[ResourceKey[minecraft:root / worlds_together:worldgen/betterx/surface_rules] (Stable)]
[16May2026 01:14:16.642] [main/INFO] [org.betterx.worlds.together.util.Logger/]: [bclib] Updating Pickers for BCLib - Nether BiomeSource (469dd6e4)
[16May2026 01:14:16.642] [main/INFO] [org.betterx.worlds.together.util.Logger/]: [bclib] Unable to build Biome List yet
[16May2026 01:14:16.643] [main/INFO] [org.betterx.worlds.together.util.Logger/]: [bclib] Make sure features are loaded from terrablender:org.betterx.bclib.api.v2.generator.BCLibNetherBiomeSource
[16May2026 01:14:16.645] [main/INFO] [org.betterx.worlds.together.util.Logger/]: [bclib] Updating Pickers for BCLib - The End  BiomeSource (3544f1c8)
[16May2026 01:14:16.646] [main/INFO] [org.betterx.worlds.together.util.Logger/]: [bclib] Unable to build Biome List yet
[16May2026 01:14:16.646] [main/INFO] [org.betterx.worlds.together.util.Logger/]: [bclib] No Void Biomes found. Disabling by using barrens
[16May2026 01:14:16.646] [main/INFO] [org.betterx.worlds.together.util.Logger/]: [bclib] No Barrens Biomes found. Disabling by using land Biomes
[16May2026 01:14:16.646] [main/WARN] [org.betterx.worlds.together.util.Logger/]: [bclib] No Center Island Biomes found. Forcing use of vanilla center.
[16May2026 01:14:16.647] [main/INFO] [org.betterx.worlds.together.util.Logger/]: [bclib] Make sure features are loaded from terrablender:org.betterx.bclib.api.v2.generator.BCLibEndBiomeSource
[16May2026 01:14:16.705] [main/INFO] [org.betterx.worlds.together.util.Logger/]: [betternether] Freeze Registry[ResourceKey[minecraft:root / worlds_together:worldgen/betterx/surface_rules] (Stable)]
[16May2026 01:14:16.709] [main/INFO] [org.betterx.worlds.together.util.Logger/]: [betternether] Freeze Registry[ResourceKey[minecraft:root / worlds_together:worldgen/betterx/surface_rules] (Stable)]
[16May2026 01:14:17.114] [main/INFO] [Spartan Weaponry/]: Finished registering commands for Spartan Weaponry!
[16May2026 01:14:17.174] [main/INFO] [com.github.alexthe666.alexsmobs.AlexsMobs/]: Adding datapack listener capsid_recipes
[16May2026 01:14:17.308] [Worker-Main-3/ERROR] [net.minecraft.tags.TagLoader/]: [Load My Fucking Tags] Couldn't load certain entries with the tag minecraft:impact_projectiles: ancient_elements:crystalbeam_projectile (from ancient_elements-1.4.5.jar), ancient_elements:deflected_wind (from ancient_elements-1.4.5.jar), ancient_elements:wind (from ancient_elements-1.4.5.jar), ancient_elements:aero_blow (from ancient_elements-1.4.5.jar), ancient_elements:dark_matter_projektile (from ancient_elements-1.4.5.jar), ancient_elements:dynamite_projectile (from ancient_elements-1.4.5.jar), ancient_elements:earth_charge_projektile (from ancient_elements-1.4.5.jar), ancient_elements:elementinium_projektile_projectile (from ancient_elements-1.4.5.jar), ancient_elements:geode_projektile (from ancient_elements-1.4.5.jar), ancient_elements:gravity_chargee (from ancient_elements-1.4.5.jar), ancient_elements:z_topaz_ball_projectile (from ancient_elements-1.4.5.jar), ancient_elements:zthrowrockattack_projectile (from ancient_elements-1.4.5.jar), ancient_elements:water_charge_projektile (from ancient_elements-1.4.5.jar), ancient_elements:astrellure_projektile (from ancient_elements-1.4.5.jar), ancient_elements:fireball (from ancient_elements-1.4.5.jar), ancient_elements:void_bolt_projektile (from ancient_elements-1.4.5.jar), ancient_elements:soul_knife_projektile (from ancient_elements-1.4.5.jar), ancient_elements:throwing_knife_projektile (from ancient_elements-1.4.5.jar), ancient_elements:wave_projektile (from ancient_elements-1.4.5.jar)
[16May2026 01:14:17.361] [Worker-Main-2/ERROR] [net.minecraft.tags.TagLoader/]: Not a JSON object: null
[16May2026 01:14:17.361] [Worker-Main-2/ERROR] [net.minecraft.tags.TagLoader/]: Couldn't read tag list horseshoes:enchantable/leather from horseshoes:tags/items/enchantable/leather.json in data pack horseshoes-1.0.1.jar
java.lang.RuntimeException: Not a JSON object: null
	at com.mojang.serialization.DataResult.lambda$getOrThrow$5(DataResult.java:101) ~[datafixerupper-6.0.8.jar%2377!/:?]
	at com.mojang.datafixers.util.Either$Right.map(Either.java:99) ~[datafixerupper-6.0.8.jar%2377!/:?]
	at com.mojang.serialization.DataResult.getOrThrow(DataResult.java:93) ~[datafixerupper-6.0.8.jar%2377!/:?]
	at net.minecraft.tags.TagLoader.m_144495_(TagLoader.java:53) ~[server-1.20.1-20230612.114412-srg.jar%23506!/:?]
	at net.minecraft.tags.TagLoader.m_203900_(TagLoader.java:114) ~[server-1.20.1-20230612.114412-srg.jar%23506!/:?]
	at net.minecraft.tags.TagManager.m_203920_(TagManager.java:55) ~[server-1.20.1-20230612.114412-srg.jar%23506!/:?]
	at java.util.concurrent.CompletableFuture$AsyncSupply.run(CompletableFuture.java:1768) ~[?:?]
	at java.util.concurrent.CompletableFuture$AsyncSupply.exec(CompletableFuture.java:1760) ~[?:?]
	at java.util.concurrent.ForkJoinTask.doExec(ForkJoinTask.java:373) ~[?:?]
	at java.util.concurrent.ForkJoinPool$WorkQueue.topLevelExec(ForkJoinPool.java:1182) ~[?:?]
	at java.util.concurrent.ForkJoinPool.scan(ForkJoinPool.java:1655) ~[?:?]
	at java.util.concurrent.ForkJoinPool.runWorker(ForkJoinPool.java:1622) ~[?:?]
	at java.util.concurrent.ForkJoinWorkerThread.run(ForkJoinWorkerThread.java:165) ~[?:?]
[16May2026 01:14:17.380] [Worker-Main-2/ERROR] [net.minecraft.tags.TagLoader/]: Not a JSON object: null
[16May2026 01:14:17.380] [Worker-Main-2/ERROR] [net.minecraft.tags.TagLoader/]: Couldn't read tag list minecraft:foot_armor from minecraft:tags/items/foot_armor.json in data pack horseshoes-1.0.1.jar
java.lang.RuntimeException: Not a JSON object: null
	at com.mojang.serialization.DataResult.lambda$getOrThrow$5(DataResult.java:101) ~[datafixerupper-6.0.8.jar%2377!/:?]
	at com.mojang.datafixers.util.Either$Right.map(Either.java:99) ~[datafixerupper-6.0.8.jar%2377!/:?]
	at com.mojang.serialization.DataResult.getOrThrow(DataResult.java:93) ~[datafixerupper-6.0.8.jar%2377!/:?]
	at net.minecraft.tags.TagLoader.m_144495_(TagLoader.java:53) ~[server-1.20.1-20230612.114412-srg.jar%23506!/:?]
	at net.minecraft.tags.TagLoader.m_203900_(TagLoader.java:114) ~[server-1.20.1-20230612.114412-srg.jar%23506!/:?]
	at net.minecraft.tags.TagManager.m_203920_(TagManager.java:55) ~[server-1.20.1-20230612.114412-srg.jar%23506!/:?]
	at java.util.concurrent.CompletableFuture$AsyncSupply.run(CompletableFuture.java:1768) ~[?:?]
	at java.util.concurrent.CompletableFuture$AsyncSupply.exec(CompletableFuture.java:1760) ~[?:?]
	at java.util.concurrent.ForkJoinTask.doExec(ForkJoinTask.java:373) ~[?:?]
	at java.util.concurrent.ForkJoinPool$WorkQueue.topLevelExec(ForkJoinPool.java:1182) ~[?:?]
	at java.util.concurrent.ForkJoinPool.scan(ForkJoinPool.java:1655) ~[?:?]
	at java.util.concurrent.ForkJoinPool.runWorker(ForkJoinPool.java:1622) ~[?:?]
	at java.util.concurrent.ForkJoinWorkerThread.run(ForkJoinWorkerThread.java:165) ~[?:?]
[16May2026 01:14:17.703] [Worker-Main-2/ERROR] [net.minecraft.tags.TagLoader/]: [Load My Fucking Tags] Couldn't load certain entries with the tag spartanweaponry:throwing_knives: spartanaether:aetherite_throwing_knife (from spartanaether-1.20.1-1.1.1.jar)
[16May2026 01:14:17.706] [Worker-Main-2/ERROR] [net.minecraft.tags.TagLoader/]: [Load My Fucking Tags] Couldn't load certain entries with the tag spartanweaponry:boomerangs: spartanaether:aetherite_boomerang (from spartanaether-1.20.1-1.1.1.jar)
[16May2026 01:14:17.707] [Worker-Main-2/ERROR] [net.minecraft.tags.TagLoader/]: [Load My Fucking Tags] Couldn't load certain entries with the tag spartanweaponry:tomahawks: spartanaether:aetherite_tomahawk (from spartanaether-1.20.1-1.1.1.jar)
[16May2026 01:14:17.708] [Worker-Main-2/ERROR] [net.minecraft.tags.TagLoader/]: [Load My Fucking Tags] Couldn't load certain entries with the tag spartanweaponry:javelins: spartanaether:aetherite_javelin (from spartanaether-1.20.1-1.1.1.jar)
[16May2026 01:14:17.714] [Worker-Main-2/ERROR] [net.minecraft.tags.TagLoader/]: [Load My Fucking Tags] Couldn't load certain entries with the tag spartanweaponry:pikes: spartanaether:aetherite_pike (from spartanaether-1.20.1-1.1.1.jar)
[16May2026 01:14:17.716] [Worker-Main-2/ERROR] [net.minecraft.tags.TagLoader/]: [Load My Fucking Tags] Couldn't load certain entries with the tag spartanweaponry:heavy_crossbows: spartanaether:aetherite_heavy_crossbow (from spartanaether-1.20.1-1.1.1.jar)
[16May2026 01:14:17.718] [Worker-Main-2/ERROR] [net.minecraft.tags.TagLoader/]: [Load My Fucking Tags] Couldn't load certain entries with the tag spartanweaponry:lances: spartanaether:aetherite_lance (from spartanaether-1.20.1-1.1.1.jar)
[16May2026 01:14:17.719] [Worker-Main-2/ERROR] [net.minecraft.tags.TagLoader/]: [Load My Fucking Tags] Couldn't load certain entries with the tag spartanweaponry:scythes: spartanaether:aetherite_scythe (from spartanaether-1.20.1-1.1.1.jar)
[16May2026 01:14:17.721] [Worker-Main-2/ERROR] [net.minecraft.tags.TagLoader/]: [Load My Fucking Tags] Couldn't load certain entries with the tag spartanweaponry:glaives: spartanaether:aetherite_glaive (from spartanaether-1.20.1-1.1.1.jar)
[16May2026 01:14:17.723] [Worker-Main-2/ERROR] [net.minecraft.tags.TagLoader/]: [Load My Fucking Tags] Couldn't load certain entries with the tag spartanweaponry:greatswords: spartanaether:aetherite_greatsword (from spartanaether-1.20.1-1.1.1.jar)
[16May2026 01:14:17.730] [Worker-Main-2/ERROR] [net.minecraft.tags.TagLoader/]: [Load My Fucking Tags] Couldn't load certain entries with the tag spartanweaponry:longbows: spartanaether:aetherite_longbow (from spartanaether-1.20.1-1.1.1.jar)
[16May2026 01:14:17.733] [Worker-Main-2/ERROR] [net.minecraft.tags.TagLoader/]: [Load My Fucking Tags] Couldn't load certain entries with the tag spartanweaponry:katanas: spartanaether:aetherite_katana (from spartanaether-1.20.1-1.1.1.jar)
[16May2026 01:14:17.736] [Worker-Main-2/ERROR] [net.minecraft.tags.TagLoader/]: [Load My Fucking Tags] Couldn't load certain entries with the tag spartanweaponry:spears: spartanaether:aetherite_spear (from spartanaether-1.20.1-1.1.1.jar)
[16May2026 01:14:17.736] [Worker-Main-2/ERROR] [net.minecraft.tags.TagLoader/]: [Load My Fucking Tags] Couldn't load certain entries with the tag spartanweaponry:sabers: spartanaether:aetherite_saber (from spartanaether-1.20.1-1.1.1.jar)
[16May2026 01:14:17.737] [Worker-Main-2/ERROR] [net.minecraft.tags.TagLoader/]: [Load My Fucking Tags] Couldn't load certain entries with the tag spartanweaponry:warhammers: spartanaether:aetherite_warhammer (from spartanaether-1.20.1-1.1.1.jar)
[16May2026 01:14:17.737] [Worker-Main-2/ERROR] [net.minecraft.tags.TagLoader/]: [Load My Fucking Tags] Couldn't load certain entries with the tag spartanweaponry:battleaxes: spartanaether:aetherite_battleaxe (from spartanaether-1.20.1-1.1.1.jar)
[16May2026 01:14:17.738] [Worker-Main-2/ERROR] [net.minecraft.tags.TagLoader/]: [Load My Fucking Tags] Couldn't load certain entries with the tag dragonloot:explosion_resistant: dragonloot:dragon_spear (from spear-backport-forge-1.4.7-1.20.1.jar)
[16May2026 01:14:17.739] [Worker-Main-2/ERROR] [net.minecraft.tags.TagLoader/]: [Load My Fucking Tags] Couldn't load certain entries with the tag spartanweaponry:daggers: spartanaether:aetherite_dagger (from spartanaether-1.20.1-1.1.1.jar)
[16May2026 01:14:17.743] [Worker-Main-2/ERROR] [net.minecraft.tags.TagLoader/]: [Load My Fucking Tags] Couldn't load certain entries with the tag caverns_and_chasms:magic_damage_items: caverns_and_chasms:silver_spear (from spear-backport-forge-1.4.7-1.20.1.jar)
[16May2026 01:14:17.744] [Worker-Main-2/ERROR] [net.minecraft.tags.TagLoader/]: [Load My Fucking Tags] Couldn't load certain entries with the tag spartanweaponry:flanged_maces: spartanaether:aetherite_flanged_mace (from spartanaether-1.20.1-1.1.1.jar)
[16May2026 01:14:17.749] [Worker-Main-2/ERROR] [net.minecraft.tags.TagLoader/]: [Load My Fucking Tags] Couldn't load certain entries with the tag spartanweaponry:quarterstaves: spartanaether:aetherite_quarterstaff (from spartanaether-1.20.1-1.1.1.jar)
[16May2026 01:14:17.749] [Worker-Main-2/ERROR] [net.minecraft.tags.TagLoader/]: [Load My Fucking Tags] Couldn't load certain entries with the tag spartanweaponry:longswords: spartanaether:aetherite_longsword (from spartanaether-1.20.1-1.1.1.jar)
[16May2026 01:14:17.750] [Worker-Main-2/ERROR] [net.minecraft.tags.TagLoader/]: [Load My Fucking Tags] Couldn't load certain entries with the tag forge:ingots/aetherite: aethergearexpansion:aetherite_ingot (from spartanaether-1.20.1-1.1.1.jar)
[16May2026 01:14:17.750] [Worker-Main-2/ERROR] [net.minecraft.tags.TagLoader/]: [Load My Fucking Tags] Couldn't load certain entries with the tag spartanweaponry:halberds: spartanaether:aetherite_halberd (from spartanaether-1.20.1-1.1.1.jar)
[16May2026 01:14:17.751] [Worker-Main-2/ERROR] [net.minecraft.tags.TagLoader/]: [Load My Fucking Tags] Couldn't load certain entries with the tag spartanweaponry:parrying_daggers: spartanaether:aetherite_parrying_dagger (from spartanaether-1.20.1-1.1.1.jar)
[16May2026 01:14:17.751] [Worker-Main-2/ERROR] [net.minecraft.tags.TagLoader/]: [Load My Fucking Tags] Couldn't load certain entries with the tag spartanweaponry:battle_hammers: spartanaether:aetherite_battle_hammer (from spartanaether-1.20.1-1.1.1.jar)
[16May2026 01:14:17.752] [Worker-Main-2/ERROR] [net.minecraft.tags.TagLoader/]: [Load My Fucking Tags] Couldn't load certain entries with the tag spartanweaponry:rapiers: spartanaether:aetherite_rapier (from spartanaether-1.20.1-1.1.1.jar)
[16May2026 01:14:17.752] [Worker-Main-2/ERROR] [net.minecraft.tags.TagLoader/]: [Load My Fucking Tags] Couldn't load certain entries with the tag caverns_and_chasms:slowness_inflicting_items: caverns_and_chasms:necromium_spear (from spear-backport-forge-1.4.7-1.20.1.jar)
[16May2026 01:14:17.759] [Worker-Main-2/ERROR] [net.minecraft.tags.TagLoader/]: [Load My Fucking Tags] Couldn't load certain entries with the tag enderitemod:enderite_items: enderitemod:enderite_spear (from spear-backport-forge-1.4.7-1.20.1.jar)
[16May2026 01:14:19.999] [Worker-Main-1/INFO] [Spartan Weaponry/]: Adding Diamond Weapons to the End City Treasure Loot Table!
[16May2026 01:14:20.515] [Worker-Main-1/INFO] [Spartan Weaponry/]: Adding Longbow and Heavy Crossbow related loot to the Village Fletcher Loot Table!
[16May2026 01:14:20.570] [Worker-Main-1/ERROR] [net.minecraftforge.common.ForgeHooks/]: Couldn't parse element loot_tables:overweight_farming:blocks/overweight_ginger_block
com.google.gson.JsonSyntaxException: Expected name to be an item, was unknown string 'snowyspirit:ginger'
	at net.minecraft.util.GsonHelper.m_13866_(GsonHelper.java:145) ~[server-1.20.1-20230612.114412-srg.jar%23506!/:?]
	at java.util.Optional.orElseThrow(Optional.java:403) ~[?:?]
	at net.minecraft.util.GsonHelper.m_13874_(GsonHelper.java:145) ~[server-1.20.1-20230612.114412-srg.jar%23506!/:?]
	at net.minecraft.util.GsonHelper.m_13909_(GsonHelper.java:153) ~[server-1.20.1-20230612.114412-srg.jar%23506!/:?]
	at net.minecraft.world.level.storage.loot.entries.LootItem$Serializer.m_7267_(LootItem.java:55) ~[server-1.20.1-20230612.114412-srg.jar%23506!/:?]
	at net.minecraft.world.level.storage.loot.entries.LootItem$Serializer.m_7267_(LootItem.java:40) ~[server-1.20.1-20230612.114412-srg.jar%23506!/:?]
	at net.minecraft.world.level.storage.loot.entries.LootPoolSingletonContainer$Serializer.m_5921_(LootPoolSingletonContainer.java:151) ~[server-1.20.1-20230612.114412-srg.jar%23506!/:?]
	at net.minecraft.world.level.storage.loot.entries.LootPoolSingletonContainer$Serializer.m_5921_(LootPoolSingletonContainer.java:129) ~[server-1.20.1-20230612.114412-srg.jar%23506!/:?]
	at net.minecraft.world.level.storage.loot.entries.LootPoolEntryContainer$Serializer.m_7561_(LootPoolEntryContainer.java:86) ~[server-1.20.1-20230612.114412-srg.jar%23506!/:?]
	at net.minecraft.world.level.storage.loot.entries.LootPoolEntryContainer$Serializer.m_7561_(LootPoolEntryContainer.java:74) ~[server-1.20.1-20230612.114412-srg.jar%23506!/:?]
	at net.minecraft.world.level.storage.loot.GsonAdapterFactory$JsonAdapter.deserialize(GsonAdapterFactory.java:102) ~[server-1.20.1-20230612.114412-srg.jar%23506!/:?]
	at com.google.gson.internal.bind.TreeTypeAdapter.read(TreeTypeAdapter.java:76) ~[gson-2.10.jar%2372!/:?]
	at com.google.gson.internal.bind.TypeAdapterRuntimeTypeWrapper.read(TypeAdapterRuntimeTypeWrapper.java:40) ~[gson-2.10.jar%2372!/:?]
	at com.google.gson.internal.bind.ArrayTypeAdapter.read(ArrayTypeAdapter.java:72) ~[gson-2.10.jar%2372!/:?]
	at com.google.gson.Gson.fromJson(Gson.java:1214) ~[gson-2.10.jar%2372!/:?]
	at com.google.gson.Gson.fromJson(Gson.java:1319) ~[gson-2.10.jar%2372!/:?]
	at com.google.gson.Gson.fromJson(Gson.java:1290) ~[gson-2.10.jar%2372!/:?]
	at com.google.gson.internal.bind.TreeTypeAdapter$GsonContextImpl.deserialize(TreeTypeAdapter.java:179) ~[gson-2.10.jar%2372!/:?]
	at net.minecraft.util.GsonHelper.m_13808_(GsonHelper.java:463) ~[server-1.20.1-20230612.114412-srg.jar%23506!/:?]
	at net.minecraft.util.GsonHelper.m_13836_(GsonHelper.java:471) ~[server-1.20.1-20230612.114412-srg.jar%23506!/:?]
	at net.minecraft.world.level.storage.loot.entries.CompositeEntryBase$1.m_5921_(CompositeEntryBase.java:61) ~[server-1.20.1-20230612.114412-srg.jar%23506!/:?]
	at net.minecraft.world.level.storage.loot.entries.CompositeEntryBase$1.m_5921_(CompositeEntryBase.java:53) ~[server-1.20.1-20230612.114412-srg.jar%23506!/:?]
	at net.minecraft.world.level.storage.loot.entries.LootPoolEntryContainer$Serializer.m_7561_(LootPoolEntryContainer.java:86) ~[server-1.20.1-20230612.114412-srg.jar%23506!/:?]
	at net.minecraft.world.level.storage.loot.entries.LootPoolEntryContainer$Serializer.m_7561_(LootPoolEntryContainer.java:74) ~[server-1.20.1-20230612.114412-srg.jar%23506!/:?]
	at net.minecraft.world.level.storage.loot.GsonAdapterFactory$JsonAdapter.deserialize(GsonAdapterFactory.java:102) ~[server-1.20.1-20230612.114412-srg.jar%23506!/:?]
	at com.google.gson.internal.bind.TreeTypeAdapter.read(TreeTypeAdapter.java:76) ~[gson-2.10.jar%2372!/:?]
	at com.google.gson.internal.bind.TypeAdapterRuntimeTypeWrapper.read(TypeAdapterRuntimeTypeWrapper.java:40) ~[gson-2.10.jar%2372!/:?]
	at com.google.gson.internal.bind.ArrayTypeAdapter.read(ArrayTypeAdapter.java:72) ~[gson-2.10.jar%2372!/:?]
	at com.google.gson.Gson.fromJson(Gson.java:1214) ~[gson-2.10.jar%2372!/:?]
	at com.google.gson.Gson.fromJson(Gson.java:1319) ~[gson-2.10.jar%2372!/:?]
	at com.google.gson.Gson.fromJson(Gson.java:1290) ~[gson-2.10.jar%2372!/:?]
	at com.google.gson.internal.bind.TreeTypeAdapter$GsonContextImpl.deserialize(TreeTypeAdapter.java:179) ~[gson-2.10.jar%2372!/:?]
	at net.minecraft.util.GsonHelper.m_13808_(GsonHelper.java:463) ~[server-1.20.1-20230612.114412-srg.jar%23506!/:?]
	at net.minecraft.util.GsonHelper.m_13836_(GsonHelper.java:471) ~[server-1.20.1-20230612.114412-srg.jar%23506!/:?]
	at net.minecraft.world.level.storage.loot.entries.CompositeEntryBase$1.m_5921_(CompositeEntryBase.java:61) ~[server-1.20.1-20230612.114412-srg.jar%23506!/:?]
	at net.minecraft.world.level.storage.loot.entries.CompositeEntryBase$1.m_5921_(CompositeEntryBase.java:53) ~[server-1.20.1-20230612.114412-srg.jar%23506!/:?]
	at net.minecraft.world.level.storage.loot.entries.LootPoolEntryContainer$Serializer.m_7561_(LootPoolEntryContainer.java:86) ~[server-1.20.1-20230612.114412-srg.jar%23506!/:?]
	at net.minecraft.world.level.storage.loot.entries.LootPoolEntryContainer$Serializer.m_7561_(LootPoolEntryContainer.java:74) ~[server-1.20.1-20230612.114412-srg.jar%23506!/:?]
	at net.minecraft.world.level.storage.loot.GsonAdapterFactory$JsonAdapter.deserialize(GsonAdapterFactory.java:102) ~[server-1.20.1-20230612.114412-srg.jar%23506!/:?]
	at com.google.gson.internal.bind.TreeTypeAdapter.read(TreeTypeAdapter.java:76) ~[gson-2.10.jar%2372!/:?]
	at com.google.gson.internal.bind.TypeAdapterRuntimeTypeWrapper.read(TypeAdapterRuntimeTypeWrapper.java:40) ~[gson-2.10.jar%2372!/:?]
	at com.google.gson.internal.bind.ArrayTypeAdapter.read(ArrayTypeAdapter.java:72) ~[gson-2.10.jar%2372!/:?]
	at com.google.gson.Gson.fromJson(Gson.java:1214) ~[gson-2.10.jar%2372!/:?]
	at com.google.gson.Gson.fromJson(Gson.java:1319) ~[gson-2.10.jar%2372!/:?]
	at com.google.gson.Gson.fromJson(Gson.java:1290) ~[gson-2.10.jar%2372!/:?]
	at com.google.gson.internal.bind.TreeTypeAdapter$GsonContextImpl.deserialize(TreeTypeAdapter.java:179) ~[gson-2.10.jar%2372!/:?]
	at net.minecraft.util.GsonHelper.m_13808_(GsonHelper.java:463) ~[server-1.20.1-20230612.114412-srg.jar%23506!/:?]
	at net.minecraft.util.GsonHelper.m_13836_(GsonHelper.java:471) ~[server-1.20.1-20230612.114412-srg.jar%23506!/:?]
	at net.minecraft.world.level.storage.loot.LootPool$Serializer.deserialize(LootPool.java:192) ~[server-1.20.1-20230612.114412-srg.jar%23506!/:?]
	at net.minecraft.world.level.storage.loot.LootPool$Serializer.deserialize(LootPool.java:189) ~[server-1.20.1-20230612.114412-srg.jar%23506!/:?]
	at com.google.gson.internal.bind.TreeTypeAdapter.read(TreeTypeAdapter.java:76) ~[gson-2.10.jar%2372!/:?]
	at com.google.gson.internal.bind.TypeAdapterRuntimeTypeWrapper.read(TypeAdapterRuntimeTypeWrapper.java:40) ~[gson-2.10.jar%2372!/:?]
	at com.google.gson.internal.bind.ArrayTypeAdapter.read(ArrayTypeAdapter.java:72) ~[gson-2.10.jar%2372!/:?]
	at com.google.gson.Gson.fromJson(Gson.java:1214) ~[gson-2.10.jar%2372!/:?]
	at com.google.gson.Gson.fromJson(Gson.java:1319) ~[gson-2.10.jar%2372!/:?]
	at com.google.gson.Gson.fromJson(Gson.java:1290) ~[gson-2.10.jar%2372!/:?]
	at com.google.gson.internal.bind.TreeTypeAdapter$GsonContextImpl.deserialize(TreeTypeAdapter.java:179) ~[gson-2.10.jar%2372!/:?]
	at net.minecraft.util.GsonHelper.m_13808_(GsonHelper.java:463) ~[server-1.20.1-20230612.114412-srg.jar%23506!/:?]
	at net.minecraft.util.GsonHelper.m_13845_(GsonHelper.java:481) ~[server-1.20.1-20230612.114412-srg.jar%23506!/:?]
	at net.minecraft.world.level.storage.loot.LootTable$Serializer.deserialize(LootTable.java:294) ~[server-1.20.1-20230612.114412-srg.jar%23506!/:?]
	at net.minecraft.world.level.storage.loot.LootTable$Serializer.deserialize(LootTable.java:291) ~[server-1.20.1-20230612.114412-srg.jar%23506!/:?]
	at com.google.gson.internal.bind.TreeTypeAdapter.read(TreeTypeAdapter.java:76) ~[gson-2.10.jar%2372!/:?]
	at com.google.gson.Gson.fromJson(Gson.java:1214) ~[gson-2.10.jar%2372!/:?]
	at com.google.gson.Gson.fromJson(Gson.java:1319) ~[gson-2.10.jar%2372!/:?]
	at com.google.gson.Gson.fromJson(Gson.java:1261) ~[gson-2.10.jar%2372!/:?]
	at net.minecraftforge.common.ForgeHooks.loadLootTable(ForgeHooks.java:872) ~[forge-1.20.1-47.4.10-universal.jar%23511!/:?]
	at net.minecraftforge.common.ForgeHooks.lambda$getLootTableDeserializer$3(ForgeHooks.java:849) ~[forge-1.20.1-47.4.10-universal.jar%23511!/:?]
	at net.minecraft.world.level.storage.loot.LootDataType.deserialize(LootDataType.java:45) ~[server-1.20.1-20230612.114412-srg.jar%23506!/:?]
	at net.minecraft.world.level.storage.loot.LootDataManager.lambda$scheduleElementParse$4(LootDataManager.java:56) ~[server-1.20.1-20230612.114412-srg.jar%23506!/:?]
	at java.util.HashMap.forEach(HashMap.java:1421) ~[?:?]
	at net.minecraft.world.level.storage.loot.LootDataManager.m_278660_(LootDataManager.java:55) ~[server-1.20.1-20230612.114412-srg.jar%23506!/:?]
	at java.util.concurrent.CompletableFuture$AsyncRun.run(CompletableFuture.java:1804) ~[?:?]
	at java.util.concurrent.CompletableFuture$AsyncRun.exec(CompletableFuture.java:1796) ~[?:?]
	at java.util.concurrent.ForkJoinTask.doExec(ForkJoinTask.java:373) ~[?:?]
	at java.util.concurrent.ForkJoinPool$WorkQueue.topLevelExec(ForkJoinPool.java:1182) ~[?:?]
	at java.util.concurrent.ForkJoinPool.scan(ForkJoinPool.java:1655) ~[?:?]
	at java.util.concurrent.ForkJoinPool.runWorker(ForkJoinPool.java:1622) ~[?:?]
	at java.util.concurrent.ForkJoinWorkerThread.run(ForkJoinWorkerThread.java:165) ~[?:?]
[16May2026 01:14:21.084] [Worker-Main-1/ERROR] [net.minecraftforge.common.ForgeHooks/]: Couldn't parse element loot_tables:overweight_farming:blocks/overweight_cabbage_block
com.google.gson.JsonSyntaxException: Expected name to be an item, was unknown string 'farmersdelight:cabbage'
	at net.minecraft.util.GsonHelper.m_13866_(GsonHelper.java:145) ~[server-1.20.1-20230612.114412-srg.jar%23506!/:?]
	at java.util.Optional.orElseThrow(Optional.java:403) ~[?:?]
	at net.minecraft.util.GsonHelper.m_13874_(GsonHelper.java:145) ~[server-1.20.1-20230612.114412-srg.jar%23506!/:?]
	at net.minecraft.util.GsonHelper.m_13909_(GsonHelper.java:153) ~[server-1.20.1-20230612.114412-srg.jar%23506!/:?]
	at net.minecraft.world.level.storage.loot.entries.LootItem$Serializer.m_7267_(LootItem.java:55) ~[server-1.20.1-20230612.114412-srg.jar%23506!/:?]
	at net.minecraft.world.level.storage.loot.entries.LootItem$Serializer.m_7267_(LootItem.java:40) ~[server-1.20.1-20230612.114412-srg.jar%23506!/:?]
	at net.minecraft.world.level.storage.loot.entries.LootPoolSingletonContainer$Serializer.m_5921_(LootPoolSingletonContainer.java:151) ~[server-1.20.1-20230612.114412-srg.jar%23506!/:?]
	at net.minecraft.world.level.storage.loot.entries.LootPoolSingletonContainer$Serializer.m_5921_(LootPoolSingletonContainer.java:129) ~[server-1.20.1-20230612.114412-srg.jar%23506!/:?]
	at net.minecraft.world.level.storage.loot.entries.LootPoolEntryContainer$Serializer.m_7561_(LootPoolEntryContainer.java:86) ~[server-1.20.1-20230612.114412-srg.jar%23506!/:?]
	at net.minecraft.world.level.storage.loot.entries.LootPoolEntryContainer$Serializer.m_7561_(LootPoolEntryContainer.java:74) ~[server-1.20.1-20230612.114412-srg.jar%23506!/:?]
	at net.minecraft.world.level.storage.loot.GsonAdapterFactory$JsonAdapter.deserialize(GsonAdapterFactory.java:102) ~[server-1.20.1-20230612.114412-srg.jar%23506!/:?]
	at com.google.gson.internal.bind.TreeTypeAdapter.read(TreeTypeAdapter.java:76) ~[gson-2.10.jar%2372!/:?]
	at com.google.gson.internal.bind.TypeAdapterRuntimeTypeWrapper.read(TypeAdapterRuntimeTypeWrapper.java:40) ~[gson-2.10.jar%2372!/:?]
	at com.google.gson.internal.bind.ArrayTypeAdapter.read(ArrayTypeAdapter.java:72) ~[gson-2.10.jar%2372!/:?]
	at com.google.gson.Gson.fromJson(Gson.java:1214) ~[gson-2.10.jar%2372!/:?]
	at com.google.gson.Gson.fromJson(Gson.java:1319) ~[gson-2.10.jar%2372!/:?]
	at com.google.gson.Gson.fromJson(Gson.java:1290) ~[gson-2.10.jar%2372!/:?]
	at com.google.gson.internal.bind.TreeTypeAdapter$GsonContextImpl.deserialize(TreeTypeAdapter.java:179) ~[gson-2.10.jar%2372!/:?]
	at net.minecraft.util.GsonHelper.m_13808_(GsonHelper.java:463) ~[server-1.20.1-20230612.114412-srg.jar%23506!/:?]
	at net.minecraft.util.GsonHelper.m_13836_(GsonHelper.java:471) ~[server-1.20.1-20230612.114412-srg.jar%23506!/:?]
	at net.minecraft.world.level.storage.loot.entries.CompositeEntryBase$1.m_5921_(CompositeEntryBase.java:61) ~[server-1.20.1-20230612.114412-srg.jar%23506!/:?]
	at net.minecraft.world.level.storage.loot.entries.CompositeEntryBase$1.m_5921_(CompositeEntryBase.java:53) ~[server-1.20.1-20230612.114412-srg.jar%23506!/:?]
	at net.minecraft.world.level.storage.loot.entries.LootPoolEntryContainer$Serializer.m_7561_(LootPoolEntryContainer.java:86) ~[server-1.20.1-20230612.114412-srg.jar%23506!/:?]
	at net.minecraft.world.level.storage.loot.entries.LootPoolEntryContainer$Serializer.m_7561_(LootPoolEntryContainer.java:74) ~[server-1.20.1-20230612.114412-srg.jar%23506!/:?]
	at net.minecraft.world.level.storage.loot.GsonAdapterFactory$JsonAdapter.deserialize(GsonAdapterFactory.java:102) ~[server-1.20.1-20230612.114412-srg.jar%23506!/:?]
	at com.google.gson.internal.bind.TreeTypeAdapter.read(TreeTypeAdapter.java:76) ~[gson-2.10.jar%2372!/:?]
	at com.google.gson.internal.bind.TypeAdapterRuntimeTypeWrapper.read(TypeAdapterRuntimeTypeWrapper.java:40) ~[gson-2.10.jar%2372!/:?]
	at com.google.gson.internal.bind.ArrayTypeAdapter.read(ArrayTypeAdapter.java:72) ~[gson-2.10.jar%2372!/:?]
	at com.google.gson.Gson.fromJson(Gson.java:1214) ~[gson-2.10.jar%2372!/:?]
	at com.google.gson.Gson.fromJson(Gson.java:1319) ~[gson-2.10.jar%2372!/:?]
	at com.google.gson.Gson.fromJson(Gson.java:1290) ~[gson-2.10.jar%2372!/:?]
	at com.google.gson.internal.bind.TreeTypeAdapter$GsonContextImpl.deserialize(TreeTypeAdapter.java:179) ~[gson-2.10.jar%2372!/:?]
	at net.minecraft.util.GsonHelper.m_13808_(GsonHelper.java:463) ~[server-1.20.1-20230612.114412-srg.jar%23506!/:?]
	at net.minecraft.util.GsonHelper.m_13836_(GsonHelper.java:471) ~[server-1.20.1-20230612.114412-srg.jar%23506!/:?]
	at net.minecraft.world.level.storage.loot.entries.CompositeEntryBase$1.m_5921_(CompositeEntryBase.java:61) ~[server-1.20.1-20230612.114412-srg.jar%23506!/:?]
	at net.minecraft.world.level.storage.loot.entries.CompositeEntryBase$1.m_5921_(CompositeEntryBase.java:53) ~[server-1.20.1-20230612.114412-srg.jar%23506!/:?]
	at net.minecraft.world.level.storage.loot.entries.LootPoolEntryContainer$Serializer.m_7561_(LootPoolEntryContainer.java:86) ~[server-1.20.1-20230612.114412-srg.jar%23506!/:?]
	at net.minecraft.world.level.storage.loot.entries.LootPoolEntryContainer$Serializer.m_7561_(LootPoolEntryContainer.java:74) ~[server-1.20.1-20230612.114412-srg.jar%23506!/:?]
	at net.minecraft.world.level.storage.loot.GsonAdapterFactory$JsonAdapter.deserialize(GsonAdapterFactory.java:102) ~[server-1.20.1-20230612.114412-srg.jar%23506!/:?]
	at com.google.gson.internal.bind.TreeTypeAdapter.read(TreeTypeAdapter.java:76) ~[gson-2.10.jar%2372!/:?]
	at com.google.gson.internal.bind.TypeAdapterRuntimeTypeWrapper.read(TypeAdapterRuntimeTypeWrapper.java:40) ~[gson-2.10.jar%2372!/:?]
	at com.google.gson.internal.bind.ArrayTypeAdapter.read(ArrayTypeAdapter.java:72) ~[gson-2.10.jar%2372!/:?]
	at com.google.gson.Gson.fromJson(Gson.java:1214) ~[gson-2.10.jar%2372!/:?]
	at com.google.gson.Gson.fromJson(Gson.java:1319) ~[gson-2.10.jar%2372!/:?]
	at com.google.gson.Gson.fromJson(Gson.java:1290) ~[gson-2.10.jar%2372!/:?]
	at com.google.gson.internal.bind.TreeTypeAdapter$GsonContextImpl.deserialize(TreeTypeAdapter.java:179) ~[gson-2.10.jar%2372!/:?]
	at net.minecraft.util.GsonHelper.m_13808_(GsonHelper.java:463) ~[server-1.20.1-20230612.114412-srg.jar%23506!/:?]
	at net.minecraft.util.GsonHelper.m_13836_(GsonHelper.java:471) ~[server-1.20.1-20230612.114412-srg.jar%23506!/:?]
	at net.minecraft.world.level.storage.loot.LootPool$Serializer.deserialize(LootPool.java:192) ~[server-1.20.1-20230612.114412-srg.jar%23506!/:?]
	at net.minecraft.world.level.storage.loot.LootPool$Serializer.deserialize(LootPool.java:189) ~[server-1.20.1-20230612.114412-srg.jar%23506!/:?]
	at com.google.gson.internal.bind.TreeTypeAdapter.read(TreeTypeAdapter.java:76) ~[gson-2.10.jar%2372!/:?]
	at com.google.gson.internal.bind.TypeAdapterRuntimeTypeWrapper.read(TypeAdapterRuntimeTypeWrapper.java:40) ~[gson-2.10.jar%2372!/:?]
	at com.google.gson.internal.bind.ArrayTypeAdapter.read(ArrayTypeAdapter.java:72) ~[gson-2.10.jar%2372!/:?]
	at com.google.gson.Gson.fromJson(Gson.java:1214) ~[gson-2.10.jar%2372!/:?]
	at com.google.gson.Gson.fromJson(Gson.java:1319) ~[gson-2.10.jar%2372!/:?]
	at com.google.gson.Gson.fromJson(Gson.java:1290) ~[gson-2.10.jar%2372!/:?]
	at com.google.gson.internal.bind.TreeTypeAdapter$GsonContextImpl.deserialize(TreeTypeAdapter.java:179) ~[gson-2.10.jar%2372!/:?]
	at net.minecraft.util.GsonHelper.m_13808_(GsonHelper.java:463) ~[server-1.20.1-20230612.114412-srg.jar%23506!/:?]
	at net.minecraft.util.GsonHelper.m_13845_(GsonHelper.java:481) ~[server-1.20.1-20230612.114412-srg.jar%23506!/:?]
	at net.minecraft.world.level.storage.loot.LootTable$Serializer.deserialize(LootTable.java:294) ~[server-1.20.1-20230612.114412-srg.jar%23506!/:?]
	at net.minecraft.world.level.storage.loot.LootTable$Serializer.deserialize(LootTable.java:291) ~[server-1.20.1-20230612.114412-srg.jar%23506!/:?]
	at com.google.gson.internal.bind.TreeTypeAdapter.read(TreeTypeAdapter.java:76) ~[gson-2.10.jar%2372!/:?]
	at com.google.gson.Gson.fromJson(Gson.java:1214) ~[gson-2.10.jar%2372!/:?]
	at com.google.gson.Gson.fromJson(Gson.java:1319) ~[gson-2.10.jar%2372!/:?]
	at com.google.gson.Gson.fromJson(Gson.java:1261) ~[gson-2.10.jar%2372!/:?]
	at net.minecraftforge.common.ForgeHooks.loadLootTable(ForgeHooks.java:872) ~[forge-1.20.1-47.4.10-universal.jar%23511!/:?]
	at net.minecraftforge.common.ForgeHooks.lambda$getLootTableDeserializer$3(ForgeHooks.java:849) ~[forge-1.20.1-47.4.10-universal.jar%23511!/:?]
	at net.minecraft.world.level.storage.loot.LootDataType.deserialize(LootDataType.java:45) ~[server-1.20.1-20230612.114412-srg.jar%23506!/:?]
	at net.minecraft.world.level.storage.loot.LootDataManager.lambda$scheduleElementParse$4(LootDataManager.java:56) ~[server-1.20.1-20230612.114412-srg.jar%23506!/:?]
	at java.util.HashMap.forEach(HashMap.java:1421) ~[?:?]
	at net.minecraft.world.level.storage.loot.LootDataManager.m_278660_(LootDataManager.java:55) ~[server-1.20.1-20230612.114412-srg.jar%23506!/:?]
	at java.util.concurrent.CompletableFuture$AsyncRun.run(CompletableFuture.java:1804) ~[?:?]
	at java.util.concurrent.CompletableFuture$AsyncRun.exec(CompletableFuture.java:1796) ~[?:?]
	at java.util.concurrent.ForkJoinTask.doExec(ForkJoinTask.java:373) ~[?:?]
	at java.util.concurrent.ForkJoinPool$WorkQueue.topLevelExec(ForkJoinPool.java:1182) ~[?:?]
	at java.util.concurrent.ForkJoinPool.scan(ForkJoinPool.java:1655) ~[?:?]
	at java.util.concurrent.ForkJoinPool.runWorker(ForkJoinPool.java:1622) ~[?:?]
	at java.util.concurrent.ForkJoinWorkerThread.run(ForkJoinWorkerThread.java:165) ~[?:?]
[16May2026 01:14:21.117] [Worker-Main-1/ERROR] [net.minecraftforge.common.ForgeHooks/]: Couldn't parse element loot_tables:overweight_farming:blocks/overweight_kiwi_block
com.google.gson.JsonSyntaxException: Expected name to be an item, was unknown string 'hedgehog:kiwi'
	at net.minecraft.util.GsonHelper.m_13866_(GsonHelper.java:145) ~[server-1.20.1-20230612.114412-srg.jar%23506!/:?]
	at java.util.Optional.orElseThrow(Optional.java:403) ~[?:?]
	at net.minecraft.util.GsonHelper.m_13874_(GsonHelper.java:145) ~[server-1.20.1-20230612.114412-srg.jar%23506!/:?]
	at net.minecraft.util.GsonHelper.m_13909_(GsonHelper.java:153) ~[server-1.20.1-20230612.114412-srg.jar%23506!/:?]
	at net.minecraft.world.level.storage.loot.entries.LootItem$Serializer.m_7267_(LootItem.java:55) ~[server-1.20.1-20230612.114412-srg.jar%23506!/:?]
	at net.minecraft.world.level.storage.loot.entries.LootItem$Serializer.m_7267_(LootItem.java:40) ~[server-1.20.1-20230612.114412-srg.jar%23506!/:?]
	at net.minecraft.world.level.storage.loot.entries.LootPoolSingletonContainer$Serializer.m_5921_(LootPoolSingletonContainer.java:151) ~[server-1.20.1-20230612.114412-srg.jar%23506!/:?]
	at net.minecraft.world.level.storage.loot.entries.LootPoolSingletonContainer$Serializer.m_5921_(LootPoolSingletonContainer.java:129) ~[server-1.20.1-20230612.114412-srg.jar%23506!/:?]
	at net.minecraft.world.level.storage.loot.entries.LootPoolEntryContainer$Serializer.m_7561_(LootPoolEntryContainer.java:86) ~[server-1.20.1-20230612.114412-srg.jar%23506!/:?]
	at net.minecraft.world.level.storage.loot.entries.LootPoolEntryContainer$Serializer.m_7561_(LootPoolEntryContainer.java:74) ~[server-1.20.1-20230612.114412-srg.jar%23506!/:?]
	at net.minecraft.world.level.storage.loot.GsonAdapterFactory$JsonAdapter.deserialize(GsonAdapterFactory.java:102) ~[server-1.20.1-20230612.114412-srg.jar%23506!/:?]
	at com.google.gson.internal.bind.TreeTypeAdapter.read(TreeTypeAdapter.java:76) ~[gson-2.10.jar%2372!/:?]
	at com.google.gson.internal.bind.TypeAdapterRuntimeTypeWrapper.read(TypeAdapterRuntimeTypeWrapper.java:40) ~[gson-2.10.jar%2372!/:?]
	at com.google.gson.internal.bind.ArrayTypeAdapter.read(ArrayTypeAdapter.java:72) ~[gson-2.10.jar%2372!/:?]
	at com.google.gson.Gson.fromJson(Gson.java:1214) ~[gson-2.10.jar%2372!/:?]
	at com.google.gson.Gson.fromJson(Gson.java:1319) ~[gson-2.10.jar%2372!/:?]
	at com.google.gson.Gson.fromJson(Gson.java:1290) ~[gson-2.10.jar%2372!/:?]
	at com.google.gson.internal.bind.TreeTypeAdapter$GsonContextImpl.deserialize(TreeTypeAdapter.java:179) ~[gson-2.10.jar%2372!/:?]
	at net.minecraft.util.GsonHelper.m_13808_(GsonHelper.java:463) ~[server-1.20.1-20230612.114412-srg.jar%23506!/:?]
	at net.minecraft.util.GsonHelper.m_13836_(GsonHelper.java:471) ~[server-1.20.1-20230612.114412-srg.jar%23506!/:?]
	at net.minecraft.world.level.storage.loot.entries.CompositeEntryBase$1.m_5921_(CompositeEntryBase.java:61) ~[server-1.20.1-20230612.114412-srg.jar%23506!/:?]
	at net.minecraft.world.level.storage.loot.entries.CompositeEntryBase$1.m_5921_(CompositeEntryBase.java:53) ~[server-1.20.1-20230612.114412-srg.jar%23506!/:?]
	at net.minecraft.world.level.storage.loot.entries.LootPoolEntryContainer$Serializer.m_7561_(LootPoolEntryContainer.java:86) ~[server-1.20.1-20230612.114412-srg.jar%23506!/:?]
	at net.minecraft.world.level.storage.loot.entries.LootPoolEntryContainer$Serializer.m_7561_(LootPoolEntryContainer.java:74) ~[server-1.20.1-20230612.114412-srg.jar%23506!/:?]
	at net.minecraft.world.level.storage.loot.GsonAdapterFactory$JsonAdapter.deserialize(GsonAdapterFactory.java:102) ~[server-1.20.1-20230612.114412-srg.jar%23506!/:?]
	at com.google.gson.internal.bind.TreeTypeAdapter.read(TreeTypeAdapter.java:76) ~[gson-2.10.jar%2372!/:?]
	at com.google.gson.internal.bind.TypeAdapterRuntimeTypeWrapper.read(TypeAdapterRuntimeTypeWrapper.java:40) ~[gson-2.10.jar%2372!/:?]
	at com.google.gson.internal.bind.ArrayTypeAdapter.read(ArrayTypeAdapter.java:72) ~[gson-2.10.jar%2372!/:?]
	at com.google.gson.Gson.fromJson(Gson.java:1214) ~[gson-2.10.jar%2372!/:?]
	at com.google.gson.Gson.fromJson(Gson.java:1319) ~[gson-2.10.jar%2372!/:?]
	at com.google.gson.Gson.fromJson(Gson.java:1290) ~[gson-2.10.jar%2372!/:?]
	at com.google.gson.internal.bind.TreeTypeAdapter$GsonContextImpl.deserialize(TreeTypeAdapter.java:179) ~[gson-2.10.jar%2372!/:?]
	at net.minecraft.util.GsonHelper.m_13808_(GsonHelper.java:463) ~[server-1.20.1-20230612.114412-srg.jar%23506!/:?]
	at net.minecraft.util.GsonHelper.m_13836_(GsonHelper.java:471) ~[server-1.20.1-20230612.114412-srg.jar%23506!/:?]
	at net.minecraft.world.level.storage.loot.entries.CompositeEntryBase$1.m_5921_(CompositeEntryBase.java:61) ~[server-1.20.1-20230612.114412-srg.jar%23506!/:?]
	at net.minecraft.world.level.storage.loot.entries.CompositeEntryBase$1.m_5921_(CompositeEntryBase.java:53) ~[server-1.20.1-20230612.114412-srg.jar%23506!/:?]
	at net.minecraft.world.level.storage.loot.entries.LootPoolEntryContainer$Serializer.m_7561_(LootPoolEntryContainer.java:86) ~[server-1.20.1-20230612.114412-srg.jar%23506!/:?]
	at net.minecraft.world.level.storage.loot.entries.LootPoolEntryContainer$Serializer.m_7561_(LootPoolEntryContainer.java:74) ~[server-1.20.1-20230612.114412-srg.jar%23506!/:?]
	at net.minecraft.world.level.storage.loot.GsonAdapterFactory$JsonAdapter.deserialize(GsonAdapterFactory.java:102) ~[server-1.20.1-20230612.114412-srg.jar%23506!/:?]
	at com.google.gson.internal.bind.TreeTypeAdapter.read(TreeTypeAdapter.java:76) ~[gson-2.10.jar%2372!/:?]
	at com.google.gson.internal.bind.TypeAdapterRuntimeTypeWrapper.read(TypeAdapterRuntimeTypeWrapper.java:40) ~[gson-2.10.jar%2372!/:?]
	at com.google.gson.internal.bind.ArrayTypeAdapter.read(ArrayTypeAdapter.java:72) ~[gson-2.10.jar%2372!/:?]
	at com.google.gson.Gson.fromJson(Gson.java:1214) ~[gson-2.10.jar%2372!/:?]
	at com.google.gson.Gson.fromJson(Gson.java:1319) ~[gson-2.10.jar%2372!/:?]
	at com.google.gson.Gson.fromJson(Gson.java:1290) ~[gson-2.10.jar%2372!/:?]
	at com.google.gson.internal.bind.TreeTypeAdapter$GsonContextImpl.deserialize(TreeTypeAdapter.java:179) ~[gson-2.10.jar%2372!/:?]
	at net.minecraft.util.GsonHelper.m_13808_(GsonHelper.java:463) ~[server-1.20.1-20230612.114412-srg.jar%23506!/:?]
	at net.minecraft.util.GsonHelper.m_13836_(GsonHelper.java:471) ~[server-1.20.1-20230612.114412-srg.jar%23506!/:?]
	at net.minecraft.world.level.storage.loot.LootPool$Serializer.deserialize(LootPool.java:192) ~[server-1.20.1-20230612.114412-srg.jar%23506!/:?]
	at net.minecraft.world.level.storage.loot.LootPool$Serializer.deserialize(LootPool.java:189) ~[server-1.20.1-20230612.114412-srg.jar%23506!/:?]
	at com.google.gson.internal.bind.TreeTypeAdapter.read(TreeTypeAdapter.java:76) ~[gson-2.10.jar%2372!/:?]
	at com.google.gson.internal.bind.TypeAdapterRuntimeTypeWrapper.read(TypeAdapterRuntimeTypeWrapper.java:40) ~[gson-2.10.jar%2372!/:?]
	at com.google.gson.internal.bind.ArrayTypeAdapter.read(ArrayTypeAdapter.java:72) ~[gson-2.10.jar%2372!/:?]
	at com.google.gson.Gson.fromJson(Gson.java:1214) ~[gson-2.10.jar%2372!/:?]
	at com.google.gson.Gson.fromJson(Gson.java:1319) ~[gson-2.10.jar%2372!/:?]
	at com.google.gson.Gson.fromJson(Gson.java:1290) ~[gson-2.10.jar%2372!/:?]
	at com.google.gson.internal.bind.TreeTypeAdapter$GsonContextImpl.deserialize(TreeTypeAdapter.java:179) ~[gson-2.10.jar%2372!/:?]
	at net.minecraft.util.GsonHelper.m_13808_(GsonHelper.java:463) ~[server-1.20.1-20230612.114412-srg.jar%23506!/:?]
	at net.minecraft.util.GsonHelper.m_13845_(GsonHelper.java:481) ~[server-1.20.1-20230612.114412-srg.jar%23506!/:?]
	at net.minecraft.world.level.storage.loot.LootTable$Serializer.deserialize(LootTable.java:294) ~[server-1.20.1-20230612.114412-srg.jar%23506!/:?]
	at net.minecraft.world.level.storage.loot.LootTable$Serializer.deserialize(LootTable.java:291) ~[server-1.20.1-20230612.114412-srg.jar%23506!/:?]
	at com.google.gson.internal.bind.TreeTypeAdapter.read(TreeTypeAdapter.java:76) ~[gson-2.10.jar%2372!/:?]
	at com.google.gson.Gson.fromJson(Gson.java:1214) ~[gson-2.10.jar%2372!/:?]
	at com.google.gson.Gson.fromJson(Gson.java:1319) ~[gson-2.10.jar%2372!/:?]
	at com.google.gson.Gson.fromJson(Gson.java:1261) ~[gson-2.10.jar%2372!/:?]
	at net.minecraftforge.common.ForgeHooks.loadLootTable(ForgeHooks.java:872) ~[forge-1.20.1-47.4.10-universal.jar%23511!/:?]
	at net.minecraftforge.common.ForgeHooks.lambda$getLootTableDeserializer$3(ForgeHooks.java:849) ~[forge-1.20.1-47.4.10-universal.jar%23511!/:?]
	at net.minecraft.world.level.storage.loot.LootDataType.deserialize(LootDataType.java:45) ~[server-1.20.1-20230612.114412-srg.jar%23506!/:?]
	at net.minecraft.world.level.storage.loot.LootDataManager.lambda$scheduleElementParse$4(LootDataManager.java:56) ~[server-1.20.1-20230612.114412-srg.jar%23506!/:?]
	at java.util.HashMap.forEach(HashMap.java:1421) ~[?:?]
	at net.minecraft.world.level.storage.loot.LootDataManager.m_278660_(LootDataManager.java:55) ~[server-1.20.1-20230612.114412-srg.jar%23506!/:?]
	at java.util.concurrent.CompletableFuture$AsyncRun.run(CompletableFuture.java:1804) ~[?:?]
	at java.util.concurrent.CompletableFuture$AsyncRun.exec(CompletableFuture.java:1796) ~[?:?]
	at java.util.concurrent.ForkJoinTask.doExec(ForkJoinTask.java:373) ~[?:?]
	at java.util.concurrent.ForkJoinPool$WorkQueue.topLevelExec(ForkJoinPool.java:1182) ~[?:?]
	at java.util.concurrent.ForkJoinPool.scan(ForkJoinPool.java:1655) ~[?:?]
	at java.util.concurrent.ForkJoinPool.runWorker(ForkJoinPool.java:1622) ~[?:?]
	at java.util.concurrent.ForkJoinWorkerThread.run(ForkJoinWorkerThread.java:165) ~[?:?]
[16May2026 01:14:23.472] [Worker-Main-1/ERROR] [net.minecraftforge.common.ForgeHooks/]: Couldn't parse element loot_tables:overweight_farming:blocks/peeled_overweight_ginger_block
com.google.gson.JsonSyntaxException: Expected name to be an item, was unknown string 'snowyspirit:ginger'
	at net.minecraft.util.GsonHelper.m_13866_(GsonHelper.java:145) ~[server-1.20.1-20230612.114412-srg.jar%23506!/:?]
	at java.util.Optional.orElseThrow(Optional.java:403) ~[?:?]
	at net.minecraft.util.GsonHelper.m_13874_(GsonHelper.java:145) ~[server-1.20.1-20230612.114412-srg.jar%23506!/:?]
	at net.minecraft.util.GsonHelper.m_13909_(GsonHelper.java:153) ~[server-1.20.1-20230612.114412-srg.jar%23506!/:?]
	at net.minecraft.world.level.storage.loot.entries.LootItem$Serializer.m_7267_(LootItem.java:55) ~[server-1.20.1-20230612.114412-srg.jar%23506!/:?]
	at net.minecraft.world.level.storage.loot.entries.LootItem$Serializer.m_7267_(LootItem.java:40) ~[server-1.20.1-20230612.114412-srg.jar%23506!/:?]
	at net.minecraft.world.level.storage.loot.entries.LootPoolSingletonContainer$Serializer.m_5921_(LootPoolSingletonContainer.java:151) ~[server-1.20.1-20230612.114412-srg.jar%23506!/:?]
	at net.minecraft.world.level.storage.loot.entries.LootPoolSingletonContainer$Serializer.m_5921_(LootPoolSingletonContainer.java:129) ~[server-1.20.1-20230612.114412-srg.jar%23506!/:?]
	at net.minecraft.world.level.storage.loot.entries.LootPoolEntryContainer$Serializer.m_7561_(LootPoolEntryContainer.java:86) ~[server-1.20.1-20230612.114412-srg.jar%23506!/:?]
	at net.minecraft.world.level.storage.loot.entries.LootPoolEntryContainer$Serializer.m_7561_(LootPoolEntryContainer.java:74) ~[server-1.20.1-20230612.114412-srg.jar%23506!/:?]
	at net.minecraft.world.level.storage.loot.GsonAdapterFactory$JsonAdapter.deserialize(GsonAdapterFactory.java:102) ~[server-1.20.1-20230612.114412-srg.jar%23506!/:?]
	at com.google.gson.internal.bind.TreeTypeAdapter.read(TreeTypeAdapter.java:76) ~[gson-2.10.jar%2372!/:?]
	at com.google.gson.internal.bind.TypeAdapterRuntimeTypeWrapper.read(TypeAdapterRuntimeTypeWrapper.java:40) ~[gson-2.10.jar%2372!/:?]
	at com.google.gson.internal.bind.ArrayTypeAdapter.read(ArrayTypeAdapter.java:72) ~[gson-2.10.jar%2372!/:?]
	at com.google.gson.Gson.fromJson(Gson.java:1214) ~[gson-2.10.jar%2372!/:?]
	at com.google.gson.Gson.fromJson(Gson.java:1319) ~[gson-2.10.jar%2372!/:?]
	at com.google.gson.Gson.fromJson(Gson.java:1290) ~[gson-2.10.jar%2372!/:?]
	at com.google.gson.internal.bind.TreeTypeAdapter$GsonContextImpl.deserialize(TreeTypeAdapter.java:179) ~[gson-2.10.jar%2372!/:?]
	at net.minecraft.util.GsonHelper.m_13808_(GsonHelper.java:463) ~[server-1.20.1-20230612.114412-srg.jar%23506!/:?]
	at net.minecraft.util.GsonHelper.m_13836_(GsonHelper.java:471) ~[server-1.20.1-20230612.114412-srg.jar%23506!/:?]
	at net.minecraft.world.level.storage.loot.entries.CompositeEntryBase$1.m_5921_(CompositeEntryBase.java:61) ~[server-1.20.1-20230612.114412-srg.jar%23506!/:?]
	at net.minecraft.world.level.storage.loot.entries.CompositeEntryBase$1.m_5921_(CompositeEntryBase.java:53) ~[server-1.20.1-20230612.114412-srg.jar%23506!/:?]
	at net.minecraft.world.level.storage.loot.entries.LootPoolEntryContainer$Serializer.m_7561_(LootPoolEntryContainer.java:86) ~[server-1.20.1-20230612.114412-srg.jar%23506!/:?]
	at net.minecraft.world.level.storage.loot.entries.LootPoolEntryContainer$Serializer.m_7561_(LootPoolEntryContainer.java:74) ~[server-1.20.1-20230612.114412-srg.jar%23506!/:?]
	at net.minecraft.world.level.storage.loot.GsonAdapterFactory$JsonAdapter.deserialize(GsonAdapterFactory.java:102) ~[server-1.20.1-20230612.114412-srg.jar%23506!/:?]
	at com.google.gson.internal.bind.TreeTypeAdapter.read(TreeTypeAdapter.java:76) ~[gson-2.10.jar%2372!/:?]
	at com.google.gson.internal.bind.TypeAdapterRuntimeTypeWrapper.read(TypeAdapterRuntimeTypeWrapper.java:40) ~[gson-2.10.jar%2372!/:?]
	at com.google.gson.internal.bind.ArrayTypeAdapter.read(ArrayTypeAdapter.java:72) ~[gson-2.10.jar%2372!/:?]
	at com.google.gson.Gson.fromJson(Gson.java:1214) ~[gson-2.10.jar%2372!/:?]
	at com.google.gson.Gson.fromJson(Gson.java:1319) ~[gson-2.10.jar%2372!/:?]
	at com.google.gson.Gson.fromJson(Gson.java:1290) ~[gson-2.10.jar%2372!/:?]
	at com.google.gson.internal.bind.TreeTypeAdapter$GsonContextImpl.deserialize(TreeTypeAdapter.java:179) ~[gson-2.10.jar%2372!/:?]
	at net.minecraft.util.GsonHelper.m_13808_(GsonHelper.java:463) ~[server-1.20.1-20230612.114412-srg.jar%23506!/:?]
	at net.minecraft.util.GsonHelper.m_13836_(GsonHelper.java:471) ~[server-1.20.1-20230612.114412-srg.jar%23506!/:?]
	at net.minecraft.world.level.storage.loot.entries.CompositeEntryBase$1.m_5921_(CompositeEntryBase.java:61) ~[server-1.20.1-20230612.114412-srg.jar%23506!/:?]
	at net.minecraft.world.level.storage.loot.entries.CompositeEntryBase$1.m_5921_(CompositeEntryBase.java:53) ~[server-1.20.1-20230612.114412-srg.jar%23506!/:?]
	at net.minecraft.world.level.storage.loot.entries.LootPoolEntryContainer$Serializer.m_7561_(LootPoolEntryContainer.java:86) ~[server-1.20.1-20230612.114412-srg.jar%23506!/:?]
	at net.minecraft.world.level.storage.loot.entries.LootPoolEntryContainer$Serializer.m_7561_(LootPoolEntryContainer.java:74) ~[server-1.20.1-20230612.114412-srg.jar%23506!/:?]
	at net.minecraft.world.level.storage.loot.GsonAdapterFactory$JsonAdapter.deserialize(GsonAdapterFactory.java:102) ~[server-1.20.1-20230612.114412-srg.jar%23506!/:?]
	at com.google.gson.internal.bind.TreeTypeAdapter.read(TreeTypeAdapter.java:76) ~[gson-2.10.jar%2372!/:?]
	at com.google.gson.internal.bind.TypeAdapterRuntimeTypeWrapper.read(TypeAdapterRuntimeTypeWrapper.java:40) ~[gson-2.10.jar%2372!/:?]
	at com.google.gson.internal.bind.ArrayTypeAdapter.read(ArrayTypeAdapter.java:72) ~[gson-2.10.jar%2372!/:?]
	at com.google.gson.Gson.fromJson(Gson.java:1214) ~[gson-2.10.jar%2372!/:?]
	at com.google.gson.Gson.fromJson(Gson.java:1319) ~[gson-2.10.jar%2372!/:?]
	at com.google.gson.Gson.fromJson(Gson.java:1290) ~[gson-2.10.jar%2372!/:?]
	at com.google.gson.internal.bind.TreeTypeAdapter$GsonContextImpl.deserialize(TreeTypeAdapter.java:179) ~[gson-2.10.jar%2372!/:?]
	at net.minecraft.util.GsonHelper.m_13808_(GsonHelper.java:463) ~[server-1.20.1-20230612.114412-srg.jar%23506!/:?]
	at net.minecraft.util.GsonHelper.m_13836_(GsonHelper.java:471) ~[server-1.20.1-20230612.114412-srg.jar%23506!/:?]
	at net.minecraft.world.level.storage.loot.LootPool$Serializer.deserialize(LootPool.java:192) ~[server-1.20.1-20230612.114412-srg.jar%23506!/:?]
	at net.minecraft.world.level.storage.loot.LootPool$Serializer.deserialize(LootPool.java:189) ~[server-1.20.1-20230612.114412-srg.jar%23506!/:?]
	at com.google.gson.internal.bind.TreeTypeAdapter.read(TreeTypeAdapter.java:76) ~[gson-2.10.jar%2372!/:?]
	at com.google.gson.internal.bind.TypeAdapterRuntimeTypeWrapper.read(TypeAdapterRuntimeTypeWrapper.java:40) ~[gson-2.10.jar%2372!/:?]
	at com.google.gson.internal.bind.ArrayTypeAdapter.read(ArrayTypeAdapter.java:72) ~[gson-2.10.jar%2372!/:?]
	at com.google.gson.Gson.fromJson(Gson.java:1214) ~[gson-2.10.jar%2372!/:?]
	at com.google.gson.Gson.fromJson(Gson.java:1319) ~[gson-2.10.jar%2372!/:?]
	at com.google.gson.Gson.fromJson(Gson.java:1290) ~[gson-2.10.jar%2372!/:?]
	at com.google.gson.internal.bind.TreeTypeAdapter$GsonContextImpl.deserialize(TreeTypeAdapter.java:179) ~[gson-2.10.jar%2372!/:?]
	at net.minecraft.util.GsonHelper.m_13808_(GsonHelper.java:463) ~[server-1.20.1-20230612.114412-srg.jar%23506!/:?]
	at net.minecraft.util.GsonHelper.m_13845_(GsonHelper.java:481) ~[server-1.20.1-20230612.114412-srg.jar%23506!/:?]
	at net.minecraft.world.level.storage.loot.LootTable$Serializer.deserialize(LootTable.java:294) ~[server-1.20.1-20230612.114412-srg.jar%23506!/:?]
	at net.minecraft.world.level.storage.loot.LootTable$Serializer.deserialize(LootTable.java:291) ~[server-1.20.1-20230612.114412-srg.jar%23506!/:?]
	at com.google.gson.internal.bind.TreeTypeAdapter.read(TreeTypeAdapter.java:76) ~[gson-2.10.jar%2372!/:?]
	at com.google.gson.Gson.fromJson(Gson.java:1214) ~[gson-2.10.jar%2372!/:?]
	at com.google.gson.Gson.fromJson(Gson.java:1319) ~[gson-2.10.jar%2372!/:?]
	at com.google.gson.Gson.fromJson(Gson.java:1261) ~[gson-2.10.jar%2372!/:?]
	at net.minecraftforge.common.ForgeHooks.loadLootTable(ForgeHooks.java:872) ~[forge-1.20.1-47.4.10-universal.jar%23511!/:?]
	at net.minecraftforge.common.ForgeHooks.lambda$getLootTableDeserializer$3(ForgeHooks.java:849) ~[forge-1.20.1-47.4.10-universal.jar%23511!/:?]
	at net.minecraft.world.level.storage.loot.LootDataType.deserialize(LootDataType.java:45) ~[server-1.20.1-20230612.114412-srg.jar%23506!/:?]
	at net.minecraft.world.level.storage.loot.LootDataManager.lambda$scheduleElementParse$4(LootDataManager.java:56) ~[server-1.20.1-20230612.114412-srg.jar%23506!/:?]
	at java.util.HashMap.forEach(HashMap.java:1421) ~[?:?]
	at net.minecraft.world.level.storage.loot.LootDataManager.m_278660_(LootDataManager.java:55) ~[server-1.20.1-20230612.114412-srg.jar%23506!/:?]
	at java.util.concurrent.CompletableFuture$AsyncRun.run(CompletableFuture.java:1804) ~[?:?]
	at java.util.concurrent.CompletableFuture$AsyncRun.exec(CompletableFuture.java:1796) ~[?:?]
	at java.util.concurrent.ForkJoinTask.doExec(ForkJoinTask.java:373) ~[?:?]
	at java.util.concurrent.ForkJoinPool$WorkQueue.topLevelExec(ForkJoinPool.java:1182) ~[?:?]
	at java.util.concurrent.ForkJoinPool.scan(ForkJoinPool.java:1655) ~[?:?]
	at java.util.concurrent.ForkJoinPool.runWorker(ForkJoinPool.java:1622) ~[?:?]
	at java.util.concurrent.ForkJoinWorkerThread.run(ForkJoinWorkerThread.java:165) ~[?:?]
[16May2026 01:14:23.697] [Worker-Main-1/ERROR] [net.minecraftforge.common.ForgeHooks/]: Couldn't parse element loot_tables:overweight_farming:blocks/overweight_sliced_kiwi_block
com.google.gson.JsonSyntaxException: Expected name to be an item, was unknown string 'hedgehog:kiwi'
	at net.minecraft.util.GsonHelper.m_13866_(GsonHelper.java:145) ~[server-1.20.1-20230612.114412-srg.jar%23506!/:?]
	at java.util.Optional.orElseThrow(Optional.java:403) ~[?:?]
	at net.minecraft.util.GsonHelper.m_13874_(GsonHelper.java:145) ~[server-1.20.1-20230612.114412-srg.jar%23506!/:?]
	at net.minecraft.util.GsonHelper.m_13909_(GsonHelper.java:153) ~[server-1.20.1-20230612.114412-srg.jar%23506!/:?]
	at net.minecraft.world.level.storage.loot.entries.LootItem$Serializer.m_7267_(LootItem.java:55) ~[server-1.20.1-20230612.114412-srg.jar%23506!/:?]
	at net.minecraft.world.level.storage.loot.entries.LootItem$Serializer.m_7267_(LootItem.java:40) ~[server-1.20.1-20230612.114412-srg.jar%23506!/:?]
	at net.minecraft.world.level.storage.loot.entries.LootPoolSingletonContainer$Serializer.m_5921_(LootPoolSingletonContainer.java:151) ~[server-1.20.1-20230612.114412-srg.jar%23506!/:?]
	at net.minecraft.world.level.storage.loot.entries.LootPoolSingletonContainer$Serializer.m_5921_(LootPoolSingletonContainer.java:129) ~[server-1.20.1-20230612.114412-srg.jar%23506!/:?]
	at net.minecraft.world.level.storage.loot.entries.LootPoolEntryContainer$Serializer.m_7561_(LootPoolEntryContainer.java:86) ~[server-1.20.1-20230612.114412-srg.jar%23506!/:?]
	at net.minecraft.world.level.storage.loot.entries.LootPoolEntryContainer$Serializer.m_7561_(LootPoolEntryContainer.java:74) ~[server-1.20.1-20230612.114412-srg.jar%23506!/:?]
	at net.minecraft.world.level.storage.loot.GsonAdapterFactory$JsonAdapter.deserialize(GsonAdapterFactory.java:102) ~[server-1.20.1-20230612.114412-srg.jar%23506!/:?]
	at com.google.gson.internal.bind.TreeTypeAdapter.read(TreeTypeAdapter.java:76) ~[gson-2.10.jar%2372!/:?]
	at com.google.gson.internal.bind.TypeAdapterRuntimeTypeWrapper.read(TypeAdapterRuntimeTypeWrapper.java:40) ~[gson-2.10.jar%2372!/:?]
	at com.google.gson.internal.bind.ArrayTypeAdapter.read(ArrayTypeAdapter.java:72) ~[gson-2.10.jar%2372!/:?]
	at com.google.gson.Gson.fromJson(Gson.java:1214) ~[gson-2.10.jar%2372!/:?]
	at com.google.gson.Gson.fromJson(Gson.java:1319) ~[gson-2.10.jar%2372!/:?]
	at com.google.gson.Gson.fromJson(Gson.java:1290) ~[gson-2.10.jar%2372!/:?]
	at com.google.gson.internal.bind.TreeTypeAdapter$GsonContextImpl.deserialize(TreeTypeAdapter.java:179) ~[gson-2.10.jar%2372!/:?]
	at net.minecraft.util.GsonHelper.m_13808_(GsonHelper.java:463) ~[server-1.20.1-20230612.114412-srg.jar%23506!/:?]
	at net.minecraft.util.GsonHelper.m_13836_(GsonHelper.java:471) ~[server-1.20.1-20230612.114412-srg.jar%23506!/:?]
	at net.minecraft.world.level.storage.loot.entries.CompositeEntryBase$1.m_5921_(CompositeEntryBase.java:61) ~[server-1.20.1-20230612.114412-srg.jar%23506!/:?]
	at net.minecraft.world.level.storage.loot.entries.CompositeEntryBase$1.m_5921_(CompositeEntryBase.java:53) ~[server-1.20.1-20230612.114412-srg.jar%23506!/:?]
	at net.minecraft.world.level.storage.loot.entries.LootPoolEntryContainer$Serializer.m_7561_(LootPoolEntryContainer.java:86) ~[server-1.20.1-20230612.114412-srg.jar%23506!/:?]
	at net.minecraft.world.level.storage.loot.entries.LootPoolEntryContainer$Serializer.m_7561_(LootPoolEntryContainer.java:74) ~[server-1.20.1-20230612.114412-srg.jar%23506!/:?]
	at net.minecraft.world.level.storage.loot.GsonAdapterFactory$JsonAdapter.deserialize(GsonAdapterFactory.java:102) ~[server-1.20.1-20230612.114412-srg.jar%23506!/:?]
	at com.google.gson.internal.bind.TreeTypeAdapter.read(TreeTypeAdapter.java:76) ~[gson-2.10.jar%2372!/:?]
	at com.google.gson.internal.bind.TypeAdapterRuntimeTypeWrapper.read(TypeAdapterRuntimeTypeWrapper.java:40) ~[gson-2.10.jar%2372!/:?]
	at com.google.gson.internal.bind.ArrayTypeAdapter.read(ArrayTypeAdapter.java:72) ~[gson-2.10.jar%2372!/:?]
	at com.google.gson.Gson.fromJson(Gson.java:1214) ~[gson-2.10.jar%2372!/:?]
	at com.google.gson.Gson.fromJson(Gson.java:1319) ~[gson-2.10.jar%2372!/:?]
	at com.google.gson.Gson.fromJson(Gson.java:1290) ~[gson-2.10.jar%2372!/:?]
	at com.google.gson.internal.bind.TreeTypeAdapter$GsonContextImpl.deserialize(TreeTypeAdapter.java:179) ~[gson-2.10.jar%2372!/:?]
	at net.minecraft.util.GsonHelper.m_13808_(GsonHelper.java:463) ~[server-1.20.1-20230612.114412-srg.jar%23506!/:?]
	at net.minecraft.util.GsonHelper.m_13836_(GsonHelper.java:471) ~[server-1.20.1-20230612.114412-srg.jar%23506!/:?]
	at net.minecraft.world.level.storage.loot.entries.CompositeEntryBase$1.m_5921_(CompositeEntryBase.java:61) ~[server-1.20.1-20230612.114412-srg.jar%23506!/:?]
	at net.minecraft.world.level.storage.loot.entries.CompositeEntryBase$1.m_5921_(CompositeEntryBase.java:53) ~[server-1.20.1-20230612.114412-srg.jar%23506!/:?]
	at net.minecraft.world.level.storage.loot.entries.LootPoolEntryContainer$Serializer.m_7561_(LootPoolEntryContainer.java:86) ~[server-1.20.1-20230612.114412-srg.jar%23506!/:?]
	at net.minecraft.world.level.storage.loot.entries.LootPoolEntryContainer$Serializer.m_7561_(LootPoolEntryContainer.java:74) ~[server-1.20.1-20230612.114412-srg.jar%23506!/:?]
	at net.minecraft.world.level.storage.loot.GsonAdapterFactory$JsonAdapter.deserialize(GsonAdapterFactory.java:102) ~[server-1.20.1-20230612.114412-srg.jar%23506!/:?]
	at com.google.gson.internal.bind.TreeTypeAdapter.read(TreeTypeAdapter.java:76) ~[gson-2.10.jar%2372!/:?]
	at com.google.gson.internal.bind.TypeAdapterRuntimeTypeWrapper.read(TypeAdapterRuntimeTypeWrapper.java:40) ~[gson-2.10.jar%2372!/:?]
	at com.google.gson.internal.bind.ArrayTypeAdapter.read(ArrayTypeAdapter.java:72) ~[gson-2.10.jar%2372!/:?]
	at com.google.gson.Gson.fromJson(Gson.java:1214) ~[gson-2.10.jar%2372!/:?]
	at com.google.gson.Gson.fromJson(Gson.java:1319) ~[gson-2.10.jar%2372!/:?]
	at com.google.gson.Gson.fromJson(Gson.java:1290) ~[gson-2.10.jar%2372!/:?]
	at com.google.gson.internal.bind.TreeTypeAdapter$GsonContextImpl.deserialize(TreeTypeAdapter.java:179) ~[gson-2.10.jar%2372!/:?]
	at net.minecraft.util.GsonHelper.m_13808_(GsonHelper.java:463) ~[server-1.20.1-20230612.114412-srg.jar%23506!/:?]
	at net.minecraft.util.GsonHelper.m_13836_(GsonHelper.java:471) ~[server-1.20.1-20230612.114412-srg.jar%23506!/:?]
	at net.minecraft.world.level.storage.loot.LootPool$Serializer.deserialize(LootPool.java:192) ~[server-1.20.1-20230612.114412-srg.jar%23506!/:?]
	at net.minecraft.world.level.storage.loot.LootPool$Serializer.deserialize(LootPool.java:189) ~[server-1.20.1-20230612.114412-srg.jar%23506!/:?]
	at com.google.gson.internal.bind.TreeTypeAdapter.read(TreeTypeAdapter.java:76) ~[gson-2.10.jar%2372!/:?]
	at com.google.gson.internal.bind.TypeAdapterRuntimeTypeWrapper.read(TypeAdapterRuntimeTypeWrapper.java:40) ~[gson-2.10.jar%2372!/:?]
	at com.google.gson.internal.bind.ArrayTypeAdapter.read(ArrayTypeAdapter.java:72) ~[gson-2.10.jar%2372!/:?]
	at com.google.gson.Gson.fromJson(Gson.java:1214) ~[gson-2.10.jar%2372!/:?]
	at com.google.gson.Gson.fromJson(Gson.java:1319) ~[gson-2.10.jar%2372!/:?]
	at com.google.gson.Gson.fromJson(Gson.java:1290) ~[gson-2.10.jar%2372!/:?]
	at com.google.gson.internal.bind.TreeTypeAdapter$GsonContextImpl.deserialize(TreeTypeAdapter.java:179) ~[gson-2.10.jar%2372!/:?]
	at net.minecraft.util.GsonHelper.m_13808_(GsonHelper.java:463) ~[server-1.20.1-20230612.114412-srg.jar%23506!/:?]
	at net.minecraft.util.GsonHelper.m_13845_(GsonHelper.java:481) ~[server-1.20.1-20230612.114412-srg.jar%23506!/:?]
	at net.minecraft.world.level.storage.loot.LootTable$Serializer.deserialize(LootTable.java:294) ~[server-1.20.1-20230612.114412-srg.jar%23506!/:?]
	at net.minecraft.world.level.storage.loot.LootTable$Serializer.deserialize(LootTable.java:291) ~[server-1.20.1-20230612.114412-srg.jar%23506!/:?]
	at com.google.gson.internal.bind.TreeTypeAdapter.read(TreeTypeAdapter.java:76) ~[gson-2.10.jar%2372!/:?]
	at com.google.gson.Gson.fromJson(Gson.java:1214) ~[gson-2.10.jar%2372!/:?]
	at com.google.gson.Gson.fromJson(Gson.java:1319) ~[gson-2.10.jar%2372!/:?]
	at com.google.gson.Gson.fromJson(Gson.java:1261) ~[gson-2.10.jar%2372!/:?]
	at net.minecraftforge.common.ForgeHooks.loadLootTable(ForgeHooks.java:872) ~[forge-1.20.1-47.4.10-universal.jar%23511!/:?]
	at net.minecraftforge.common.ForgeHooks.lambda$getLootTableDeserializer$3(ForgeHooks.java:849) ~[forge-1.20.1-47.4.10-universal.jar%23511!/:?]
	at net.minecraft.world.level.storage.loot.LootDataType.deserialize(LootDataType.java:45) ~[server-1.20.1-20230612.114412-srg.jar%23506!/:?]
	at net.minecraft.world.level.storage.loot.LootDataManager.lambda$scheduleElementParse$4(LootDataManager.java:56) ~[server-1.20.1-20230612.114412-srg.jar%23506!/:?]
	at java.util.HashMap.forEach(HashMap.java:1421) ~[?:?]
	at net.minecraft.world.level.storage.loot.LootDataManager.m_278660_(LootDataManager.java:55) ~[server-1.20.1-20230612.114412-srg.jar%23506!/:?]
	at java.util.concurrent.CompletableFuture$AsyncRun.run(CompletableFuture.java:1804) ~[?:?]
	at java.util.concurrent.CompletableFuture$AsyncRun.exec(CompletableFuture.java:1796) ~[?:?]
	at java.util.concurrent.ForkJoinTask.doExec(ForkJoinTask.java:373) ~[?:?]
	at java.util.concurrent.ForkJoinPool$WorkQueue.topLevelExec(ForkJoinPool.java:1182) ~[?:?]
	at java.util.concurrent.ForkJoinPool.scan(ForkJoinPool.java:1655) ~[?:?]
	at java.util.concurrent.ForkJoinPool.runWorker(ForkJoinPool.java:1622) ~[?:?]
	at java.util.concurrent.ForkJoinWorkerThread.run(ForkJoinWorkerThread.java:165) ~[?:?]
[16May2026 01:14:23.832] [Worker-Main-1/ERROR] [net.minecraftforge.common.ForgeHooks/]: Couldn't parse element loot_tables:ati_structures:chests/archer_chest
com.google.gson.JsonSyntaxException: Unknown type 'minecraft:set_components'
	at net.minecraft.world.level.storage.loot.GsonAdapterFactory$JsonAdapter.deserialize(GsonAdapterFactory.java:99) ~[server-1.20.1-20230612.114412-srg.jar%23506!/:?]
	at com.google.gson.internal.bind.TreeTypeAdapter.read(TreeTypeAdapter.java:76) ~[gson-2.10.jar%2372!/:?]
	at com.google.gson.internal.bind.TypeAdapterRuntimeTypeWrapper.read(TypeAdapterRuntimeTypeWrapper.java:40) ~[gson-2.10.jar%2372!/:?]
	at com.google.gson.internal.bind.ArrayTypeAdapter.read(ArrayTypeAdapter.java:72) ~[gson-2.10.jar%2372!/:?]
	at com.google.gson.Gson.fromJson(Gson.java:1214) ~[gson-2.10.jar%2372!/:?]
	at com.google.gson.Gson.fromJson(Gson.java:1319) ~[gson-2.10.jar%2372!/:?]
	at com.google.gson.Gson.fromJson(Gson.java:1290) ~[gson-2.10.jar%2372!/:?]
	at com.google.gson.internal.bind.TreeTypeAdapter$GsonContextImpl.deserialize(TreeTypeAdapter.java:179) ~[gson-2.10.jar%2372!/:?]
	at net.minecraft.util.GsonHelper.m_13808_(GsonHelper.java:463) ~[server-1.20.1-20230612.114412-srg.jar%23506!/:?]
	at net.minecraft.util.GsonHelper.m_13845_(GsonHelper.java:481) ~[server-1.20.1-20230612.114412-srg.jar%23506!/:?]
	at net.minecraft.world.level.storage.loot.entries.LootPoolSingletonContainer$Serializer.m_5921_(LootPoolSingletonContainer.java:149) ~[server-1.20.1-20230612.114412-srg.jar%23506!/:?]
	at net.minecraft.world.level.storage.loot.entries.LootPoolSingletonContainer$Serializer.m_5921_(LootPoolSingletonContainer.java:129) ~[server-1.20.1-20230612.114412-srg.jar%23506!/:?]
	at net.minecraft.world.level.storage.loot.entries.LootPoolEntryContainer$Serializer.m_7561_(LootPoolEntryContainer.java:86) ~[server-1.20.1-20230612.114412-srg.jar%23506!/:?]
	at net.minecraft.world.level.storage.loot.entries.LootPoolEntryContainer$Serializer.m_7561_(LootPoolEntryContainer.java:74) ~[server-1.20.1-20230612.114412-srg.jar%23506!/:?]
	at net.minecraft.world.level.storage.loot.GsonAdapterFactory$JsonAdapter.deserialize(GsonAdapterFactory.java:102) ~[server-1.20.1-20230612.114412-srg.jar%23506!/:?]
	at com.google.gson.internal.bind.TreeTypeAdapter.read(TreeTypeAdapter.java:76) ~[gson-2.10.jar%2372!/:?]
	at com.google.gson.internal.bind.TypeAdapterRuntimeTypeWrapper.read(TypeAdapterRuntimeTypeWrapper.java:40) ~[gson-2.10.jar%2372!/:?]
	at com.google.gson.internal.bind.ArrayTypeAdapter.read(ArrayTypeAdapter.java:72) ~[gson-2.10.jar%2372!/:?]
	at com.google.gson.Gson.fromJson(Gson.java:1214) ~[gson-2.10.jar%2372!/:?]
	at com.google.gson.Gson.fromJson(Gson.java:1319) ~[gson-2.10.jar%2372!/:?]
	at com.google.gson.Gson.fromJson(Gson.java:1290) ~[gson-2.10.jar%2372!/:?]
	at com.google.gson.internal.bind.TreeTypeAdapter$GsonContextImpl.deserialize(TreeTypeAdapter.java:179) ~[gson-2.10.jar%2372!/:?]
	at net.minecraft.util.GsonHelper.m_13808_(GsonHelper.java:463) ~[server-1.20.1-20230612.114412-srg.jar%23506!/:?]
	at net.minecraft.util.GsonHelper.m_13836_(GsonHelper.java:471) ~[server-1.20.1-20230612.114412-srg.jar%23506!/:?]
	at net.minecraft.world.level.storage.loot.LootPool$Serializer.deserialize(LootPool.java:192) ~[server-1.20.1-20230612.114412-srg.jar%23506!/:?]
	at net.minecraft.world.level.storage.loot.LootPool$Serializer.deserialize(LootPool.java:189) ~[server-1.20.1-20230612.114412-srg.jar%23506!/:?]
	at com.google.gson.internal.bind.TreeTypeAdapter.read(TreeTypeAdapter.java:76) ~[gson-2.10.jar%2372!/:?]
	at com.google.gson.internal.bind.TypeAdapterRuntimeTypeWrapper.read(TypeAdapterRuntimeTypeWrapper.java:40) ~[gson-2.10.jar%2372!/:?]
	at com.google.gson.internal.bind.ArrayTypeAdapter.read(ArrayTypeAdapter.java:72) ~[gson-2.10.jar%2372!/:?]
	at com.google.gson.Gson.fromJson(Gson.java:1214) ~[gson-2.10.jar%2372!/:?]
	at com.google.gson.Gson.fromJson(Gson.java:1319) ~[gson-2.10.jar%2372!/:?]
	at com.google.gson.Gson.fromJson(Gson.java:1290) ~[gson-2.10.jar%2372!/:?]
	at com.google.gson.internal.bind.TreeTypeAdapter$GsonContextImpl.deserialize(TreeTypeAdapter.java:179) ~[gson-2.10.jar%2372!/:?]
	at net.minecraft.util.GsonHelper.m_13808_(GsonHelper.java:463) ~[server-1.20.1-20230612.114412-srg.jar%23506!/:?]
	at net.minecraft.util.GsonHelper.m_13845_(GsonHelper.java:481) ~[server-1.20.1-20230612.114412-srg.jar%23506!/:?]
	at net.minecraft.world.level.storage.loot.LootTable$Serializer.deserialize(LootTable.java:294) ~[server-1.20.1-20230612.114412-srg.jar%23506!/:?]
	at net.minecraft.world.level.storage.loot.LootTable$Serializer.deserialize(LootTable.java:291) ~[server-1.20.1-20230612.114412-srg.jar%23506!/:?]
	at com.google.gson.internal.bind.TreeTypeAdapter.read(TreeTypeAdapter.java:76) ~[gson-2.10.jar%2372!/:?]
	at com.google.gson.Gson.fromJson(Gson.java:1214) ~[gson-2.10.jar%2372!/:?]
	at com.google.gson.Gson.fromJson(Gson.java:1319) ~[gson-2.10.jar%2372!/:?]
	at com.google.gson.Gson.fromJson(Gson.java:1261) ~[gson-2.10.jar%2372!/:?]
	at net.minecraftforge.common.ForgeHooks.loadLootTable(ForgeHooks.java:872) ~[forge-1.20.1-47.4.10-universal.jar%23511!/:?]
	at net.minecraftforge.common.ForgeHooks.lambda$getLootTableDeserializer$3(ForgeHooks.java:849) ~[forge-1.20.1-47.4.10-universal.jar%23511!/:?]
	at net.minecraft.world.level.storage.loot.LootDataType.deserialize(LootDataType.java:45) ~[server-1.20.1-20230612.114412-srg.jar%23506!/:?]
	at net.minecraft.world.level.storage.loot.LootDataManager.lambda$scheduleElementParse$4(LootDataManager.java:56) ~[server-1.20.1-20230612.114412-srg.jar%23506!/:?]
	at java.util.HashMap.forEach(HashMap.java:1421) ~[?:?]
	at net.minecraft.world.level.storage.loot.LootDataManager.m_278660_(LootDataManager.java:55) ~[server-1.20.1-20230612.114412-srg.jar%23506!/:?]
	at java.util.concurrent.CompletableFuture$AsyncRun.run(CompletableFuture.java:1804) ~[?:?]
	at java.util.concurrent.CompletableFuture$AsyncRun.exec(CompletableFuture.java:1796) ~[?:?]
	at java.util.concurrent.ForkJoinTask.doExec(ForkJoinTask.java:373) ~[?:?]
	at java.util.concurrent.ForkJoinPool$WorkQueue.topLevelExec(ForkJoinPool.java:1182) ~[?:?]
	at java.util.concurrent.ForkJoinPool.scan(ForkJoinPool.java:1655) ~[?:?]
	at java.util.concurrent.ForkJoinPool.runWorker(ForkJoinPool.java:1622) ~[?:?]
	at java.util.concurrent.ForkJoinWorkerThread.run(ForkJoinWorkerThread.java:165) ~[?:?]
[16May2026 01:14:25.015] [Worker-Main-1/ERROR] [net.minecraftforge.common.ForgeHooks/]: Couldn't parse element loot_tables:overweight_farming:blocks/peeled_overweight_kiwi_block
com.google.gson.JsonSyntaxException: Expected name to be an item, was unknown string 'hedgehog:kiwi'
	at net.minecraft.util.GsonHelper.m_13866_(GsonHelper.java:145) ~[server-1.20.1-20230612.114412-srg.jar%23506!/:?]
	at java.util.Optional.orElseThrow(Optional.java:403) ~[?:?]
	at net.minecraft.util.GsonHelper.m_13874_(GsonHelper.java:145) ~[server-1.20.1-20230612.114412-srg.jar%23506!/:?]
	at net.minecraft.util.GsonHelper.m_13909_(GsonHelper.java:153) ~[server-1.20.1-20230612.114412-srg.jar%23506!/:?]
	at net.minecraft.world.level.storage.loot.entries.LootItem$Serializer.m_7267_(LootItem.java:55) ~[server-1.20.1-20230612.114412-srg.jar%23506!/:?]
	at net.minecraft.world.level.storage.loot.entries.LootItem$Serializer.m_7267_(LootItem.java:40) ~[server-1.20.1-20230612.114412-srg.jar%23506!/:?]
	at net.minecraft.world.level.storage.loot.entries.LootPoolSingletonContainer$Serializer.m_5921_(LootPoolSingletonContainer.java:151) ~[server-1.20.1-20230612.114412-srg.jar%23506!/:?]
	at net.minecraft.world.level.storage.loot.entries.LootPoolSingletonContainer$Serializer.m_5921_(LootPoolSingletonContainer.java:129) ~[server-1.20.1-20230612.114412-srg.jar%23506!/:?]
	at net.minecraft.world.level.storage.loot.entries.LootPoolEntryContainer$Serializer.m_7561_(LootPoolEntryContainer.java:86) ~[server-1.20.1-20230612.114412-srg.jar%23506!/:?]
	at net.minecraft.world.level.storage.loot.entries.LootPoolEntryContainer$Serializer.m_7561_(LootPoolEntryContainer.java:74) ~[server-1.20.1-20230612.114412-srg.jar%23506!/:?]
	at net.minecraft.world.level.storage.loot.GsonAdapterFactory$JsonAdapter.deserialize(GsonAdapterFactory.java:102) ~[server-1.20.1-20230612.114412-srg.jar%23506!/:?]
	at com.google.gson.internal.bind.TreeTypeAdapter.read(TreeTypeAdapter.java:76) ~[gson-2.10.jar%2372!/:?]
	at com.google.gson.internal.bind.TypeAdapterRuntimeTypeWrapper.read(TypeAdapterRuntimeTypeWrapper.java:40) ~[gson-2.10.jar%2372!/:?]
	at com.google.gson.internal.bind.ArrayTypeAdapter.read(ArrayTypeAdapter.java:72) ~[gson-2.10.jar%2372!/:?]
	at com.google.gson.Gson.fromJson(Gson.java:1214) ~[gson-2.10.jar%2372!/:?]
	at com.google.gson.Gson.fromJson(Gson.java:1319) ~[gson-2.10.jar%2372!/:?]
	at com.google.gson.Gson.fromJson(Gson.java:1290) ~[gson-2.10.jar%2372!/:?]
	at com.google.gson.internal.bind.TreeTypeAdapter$GsonContextImpl.deserialize(TreeTypeAdapter.java:179) ~[gson-2.10.jar%2372!/:?]
	at net.minecraft.util.GsonHelper.m_13808_(GsonHelper.java:463) ~[server-1.20.1-20230612.114412-srg.jar%23506!/:?]
	at net.minecraft.util.GsonHelper.m_13836_(GsonHelper.java:471) ~[server-1.20.1-20230612.114412-srg.jar%23506!/:?]
	at net.minecraft.world.level.storage.loot.entries.CompositeEntryBase$1.m_5921_(CompositeEntryBase.java:61) ~[server-1.20.1-20230612.114412-srg.jar%23506!/:?]
	at net.minecraft.world.level.storage.loot.entries.CompositeEntryBase$1.m_5921_(CompositeEntryBase.java:53) ~[server-1.20.1-20230612.114412-srg.jar%23506!/:?]
	at net.minecraft.world.level.storage.loot.entries.LootPoolEntryContainer$Serializer.m_7561_(LootPoolEntryContainer.java:86) ~[server-1.20.1-20230612.114412-srg.jar%23506!/:?]
	at net.minecraft.world.level.storage.loot.entries.LootPoolEntryContainer$Serializer.m_7561_(LootPoolEntryContainer.java:74) ~[server-1.20.1-20230612.114412-srg.jar%23506!/:?]
	at net.minecraft.world.level.storage.loot.GsonAdapterFactory$JsonAdapter.deserialize(GsonAdapterFactory.java:102) ~[server-1.20.1-20230612.114412-srg.jar%23506!/:?]
	at com.google.gson.internal.bind.TreeTypeAdapter.read(TreeTypeAdapter.java:76) ~[gson-2.10.jar%2372!/:?]
	at com.google.gson.internal.bind.TypeAdapterRuntimeTypeWrapper.read(TypeAdapterRuntimeTypeWrapper.java:40) ~[gson-2.10.jar%2372!/:?]
	at com.google.gson.internal.bind.ArrayTypeAdapter.read(ArrayTypeAdapter.java:72) ~[gson-2.10.jar%2372!/:?]
	at com.google.gson.Gson.fromJson(Gson.java:1214) ~[gson-2.10.jar%2372!/:?]
	at com.google.gson.Gson.fromJson(Gson.java:1319) ~[gson-2.10.jar%2372!/:?]
	at com.google.gson.Gson.fromJson(Gson.java:1290) ~[gson-2.10.jar%2372!/:?]
	at com.google.gson.internal.bind.TreeTypeAdapter$GsonContextImpl.deserialize(TreeTypeAdapter.java:179) ~[gson-2.10.jar%2372!/:?]
	at net.minecraft.util.GsonHelper.m_13808_(GsonHelper.java:463) ~[server-1.20.1-20230612.114412-srg.jar%23506!/:?]
	at net.minecraft.util.GsonHelper.m_13836_(GsonHelper.java:471) ~[server-1.20.1-20230612.114412-srg.jar%23506!/:?]
	at net.minecraft.world.level.storage.loot.entries.CompositeEntryBase$1.m_5921_(CompositeEntryBase.java:61) ~[server-1.20.1-20230612.114412-srg.jar%23506!/:?]
	at net.minecraft.world.level.storage.loot.entries.CompositeEntryBase$1.m_5921_(CompositeEntryBase.java:53) ~[server-1.20.1-20230612.114412-srg.jar%23506!/:?]
	at net.minecraft.world.level.storage.loot.entries.LootPoolEntryContainer$Serializer.m_7561_(LootPoolEntryContainer.java:86) ~[server-1.20.1-20230612.114412-srg.jar%23506!/:?]
	at net.minecraft.world.level.storage.loot.entries.LootPoolEntryContainer$Serializer.m_7561_(LootPoolEntryContainer.java:74) ~[server-1.20.1-20230612.114412-srg.jar%23506!/:?]
	at net.minecraft.world.level.storage.loot.GsonAdapterFactory$JsonAdapter.deserialize(GsonAdapterFactory.java:102) ~[server-1.20.1-20230612.114412-srg.jar%23506!/:?]
	at com.google.gson.internal.bind.TreeTypeAdapter.read(TreeTypeAdapter.java:76) ~[gson-2.10.jar%2372!/:?]
	at com.google.gson.internal.bind.TypeAdapterRuntimeTypeWrapper.read(TypeAdapterRuntimeTypeWrapper.java:40) ~[gson-2.10.jar%2372!/:?]
	at com.google.gson.internal.bind.ArrayTypeAdapter.read(ArrayTypeAdapter.java:72) ~[gson-2.10.jar%2372!/:?]
	at com.google.gson.Gson.fromJson(Gson.java:1214) ~[gson-2.10.jar%2372!/:?]
	at com.google.gson.Gson.fromJson(Gson.java:1319) ~[gson-2.10.jar%2372!/:?]
	at com.google.gson.Gson.fromJson(Gson.java:1290) ~[gson-2.10.jar%2372!/:?]
	at com.google.gson.internal.bind.TreeTypeAdapter$GsonContextImpl.deserialize(TreeTypeAdapter.java:179) ~[gson-2.10.jar%2372!/:?]
	at net.minecraft.util.GsonHelper.m_13808_(GsonHelper.java:463) ~[server-1.20.1-20230612.114412-srg.jar%23506!/:?]
	at net.minecraft.util.GsonHelper.m_13836_(GsonHelper.java:471) ~[server-1.20.1-20230612.114412-srg.jar%23506!/:?]
	at net.minecraft.world.level.storage.loot.LootPool$Serializer.deserialize(LootPool.java:192) ~[server-1.20.1-20230612.114412-srg.jar%23506!/:?]
	at net.minecraft.world.level.storage.loot.LootPool$Serializer.deserialize(LootPool.java:189) ~[server-1.20.1-20230612.114412-srg.jar%23506!/:?]
	at com.google.gson.internal.bind.TreeTypeAdapter.read(TreeTypeAdapter.java:76) ~[gson-2.10.jar%2372!/:?]
	at com.google.gson.internal.bind.TypeAdapterRuntimeTypeWrapper.read(TypeAdapterRuntimeTypeWrapper.java:40) ~[gson-2.10.jar%2372!/:?]
	at com.google.gson.internal.bind.ArrayTypeAdapter.read(ArrayTypeAdapter.java:72) ~[gson-2.10.jar%2372!/:?]
	at com.google.gson.Gson.fromJson(Gson.java:1214) ~[gson-2.10.jar%2372!/:?]
	at com.google.gson.Gson.fromJson(Gson.java:1319) ~[gson-2.10.jar%2372!/:?]
	at com.google.gson.Gson.fromJson(Gson.java:1290) ~[gson-2.10.jar%2372!/:?]
	at com.google.gson.internal.bind.TreeTypeAdapter$GsonContextImpl.deserialize(TreeTypeAdapter.java:179) ~[gson-2.10.jar%2372!/:?]
	at net.minecraft.util.GsonHelper.m_13808_(GsonHelper.java:463) ~[server-1.20.1-20230612.114412-srg.jar%23506!/:?]
	at net.minecraft.util.GsonHelper.m_13845_(GsonHelper.java:481) ~[server-1.20.1-20230612.114412-srg.jar%23506!/:?]
	at net.minecraft.world.level.storage.loot.LootTable$Serializer.deserialize(LootTable.java:294) ~[server-1.20.1-20230612.114412-srg.jar%23506!/:?]
	at net.minecraft.world.level.storage.loot.LootTable$Serializer.deserialize(LootTable.java:291) ~[server-1.20.1-20230612.114412-srg.jar%23506!/:?]
	at com.google.gson.internal.bind.TreeTypeAdapter.read(TreeTypeAdapter.java:76) ~[gson-2.10.jar%2372!/:?]
	at com.google.gson.Gson.fromJson(Gson.java:1214) ~[gson-2.10.jar%2372!/:?]
	at com.google.gson.Gson.fromJson(Gson.java:1319) ~[gson-2.10.jar%2372!/:?]
	at com.google.gson.Gson.fromJson(Gson.java:1261) ~[gson-2.10.jar%2372!/:?]
	at net.minecraftforge.common.ForgeHooks.loadLootTable(ForgeHooks.java:872) ~[forge-1.20.1-47.4.10-universal.jar%23511!/:?]
	at net.minecraftforge.common.ForgeHooks.lambda$getLootTableDeserializer$3(ForgeHooks.java:849) ~[forge-1.20.1-47.4.10-universal.jar%23511!/:?]
	at net.minecraft.world.level.storage.loot.LootDataType.deserialize(LootDataType.java:45) ~[server-1.20.1-20230612.114412-srg.jar%23506!/:?]
	at net.minecraft.world.level.storage.loot.LootDataManager.lambda$scheduleElementParse$4(LootDataManager.java:56) ~[server-1.20.1-20230612.114412-srg.jar%23506!/:?]
	at java.util.HashMap.forEach(HashMap.java:1421) ~[?:?]
	at net.minecraft.world.level.storage.loot.LootDataManager.m_278660_(LootDataManager.java:55) ~[server-1.20.1-20230612.114412-srg.jar%23506!/:?]
	at java.util.concurrent.CompletableFuture$AsyncRun.run(CompletableFuture.java:1804) ~[?:?]
	at java.util.concurrent.CompletableFuture$AsyncRun.exec(CompletableFuture.java:1796) ~[?:?]
	at java.util.concurrent.ForkJoinTask.doExec(ForkJoinTask.java:373) ~[?:?]
	at java.util.concurrent.ForkJoinPool$WorkQueue.topLevelExec(ForkJoinPool.java:1182) ~[?:?]
	at java.util.concurrent.ForkJoinPool.scan(ForkJoinPool.java:1655) ~[?:?]
	at java.util.concurrent.ForkJoinPool.runWorker(ForkJoinPool.java:1622) ~[?:?]
	at java.util.concurrent.ForkJoinWorkerThread.run(ForkJoinWorkerThread.java:165) ~[?:?]
[16May2026 01:14:25.232] [Worker-Main-1/ERROR] [net.minecraftforge.common.ForgeHooks/]: Couldn't parse element loot_tables:overweight_farming:blocks/peeled_overweight_onion_block
com.google.gson.JsonSyntaxException: Expected name to be an item, was unknown string 'farmersdelight:onion'
	at net.minecraft.util.GsonHelper.m_13866_(GsonHelper.java:145) ~[server-1.20.1-20230612.114412-srg.jar%23506!/:?]
	at java.util.Optional.orElseThrow(Optional.java:403) ~[?:?]
	at net.minecraft.util.GsonHelper.m_13874_(GsonHelper.java:145) ~[server-1.20.1-20230612.114412-srg.jar%23506!/:?]
	at net.minecraft.util.GsonHelper.m_13909_(GsonHelper.java:153) ~[server-1.20.1-20230612.114412-srg.jar%23506!/:?]
	at net.minecraft.world.level.storage.loot.entries.LootItem$Serializer.m_7267_(LootItem.java:55) ~[server-1.20.1-20230612.114412-srg.jar%23506!/:?]
	at net.minecraft.world.level.storage.loot.entries.LootItem$Serializer.m_7267_(LootItem.java:40) ~[server-1.20.1-20230612.114412-srg.jar%23506!/:?]
	at net.minecraft.world.level.storage.loot.entries.LootPoolSingletonContainer$Serializer.m_5921_(LootPoolSingletonContainer.java:151) ~[server-1.20.1-20230612.114412-srg.jar%23506!/:?]
	at net.minecraft.world.level.storage.loot.entries.LootPoolSingletonContainer$Serializer.m_5921_(LootPoolSingletonContainer.java:129) ~[server-1.20.1-20230612.114412-srg.jar%23506!/:?]
	at net.minecraft.world.level.storage.loot.entries.LootPoolEntryContainer$Serializer.m_7561_(LootPoolEntryContainer.java:86) ~[server-1.20.1-20230612.114412-srg.jar%23506!/:?]
	at net.minecraft.world.level.storage.loot.entries.LootPoolEntryContainer$Serializer.m_7561_(LootPoolEntryContainer.java:74) ~[server-1.20.1-20230612.114412-srg.jar%23506!/:?]
	at net.minecraft.world.level.storage.loot.GsonAdapterFactory$JsonAdapter.deserialize(GsonAdapterFactory.java:102) ~[server-1.20.1-20230612.114412-srg.jar%23506!/:?]
	at com.google.gson.internal.bind.TreeTypeAdapter.read(TreeTypeAdapter.java:76) ~[gson-2.10.jar%2372!/:?]
	at com.google.gson.internal.bind.TypeAdapterRuntimeTypeWrapper.read(TypeAdapterRuntimeTypeWrapper.java:40) ~[gson-2.10.jar%2372!/:?]
	at com.google.gson.internal.bind.ArrayTypeAdapter.read(ArrayTypeAdapter.java:72) ~[gson-2.10.jar%2372!/:?]
	at com.google.gson.Gson.fromJson(Gson.java:1214) ~[gson-2.10.jar%2372!/:?]
	at com.google.gson.Gson.fromJson(Gson.java:1319) ~[gson-2.10.jar%2372!/:?]
	at com.google.gson.Gson.fromJson(Gson.java:1290) ~[gson-2.10.jar%2372!/:?]
	at com.google.gson.internal.bind.TreeTypeAdapter$GsonContextImpl.deserialize(TreeTypeAdapter.java:179) ~[gson-2.10.jar%2372!/:?]
	at net.minecraft.util.GsonHelper.m_13808_(GsonHelper.java:463) ~[server-1.20.1-20230612.114412-srg.jar%23506!/:?]
	at net.minecraft.util.GsonHelper.m_13836_(GsonHelper.java:471) ~[server-1.20.1-20230612.114412-srg.jar%23506!/:?]
	at net.minecraft.world.level.storage.loot.entries.CompositeEntryBase$1.m_5921_(CompositeEntryBase.java:61) ~[server-1.20.1-20230612.114412-srg.jar%23506!/:?]
	at net.minecraft.world.level.storage.loot.entries.CompositeEntryBase$1.m_5921_(CompositeEntryBase.java:53) ~[server-1.20.1-20230612.114412-srg.jar%23506!/:?]
	at net.minecraft.world.level.storage.loot.entries.LootPoolEntryContainer$Serializer.m_7561_(LootPoolEntryContainer.java:86) ~[server-1.20.1-20230612.114412-srg.jar%23506!/:?]
	at net.minecraft.world.level.storage.loot.entries.LootPoolEntryContainer$Serializer.m_7561_(LootPoolEntryContainer.java:74) ~[server-1.20.1-20230612.114412-srg.jar%23506!/:?]
	at net.minecraft.world.level.storage.loot.GsonAdapterFactory$JsonAdapter.deserialize(GsonAdapterFactory.java:102) ~[server-1.20.1-20230612.114412-srg.jar%23506!/:?]
	at com.google.gson.internal.bind.TreeTypeAdapter.read(TreeTypeAdapter.java:76) ~[gson-2.10.jar%2372!/:?]
	at com.google.gson.internal.bind.TypeAdapterRuntimeTypeWrapper.read(TypeAdapterRuntimeTypeWrapper.java:40) ~[gson-2.10.jar%2372!/:?]
	at com.google.gson.internal.bind.ArrayTypeAdapter.read(ArrayTypeAdapter.java:72) ~[gson-2.10.jar%2372!/:?]
	at com.google.gson.Gson.fromJson(Gson.java:1214) ~[gson-2.10.jar%2372!/:?]
	at com.google.gson.Gson.fromJson(Gson.java:1319) ~[gson-2.10.jar%2372!/:?]
	at com.google.gson.Gson.fromJson(Gson.java:1290) ~[gson-2.10.jar%2372!/:?]
	at com.google.gson.internal.bind.TreeTypeAdapter$GsonContextImpl.deserialize(TreeTypeAdapter.java:179) ~[gson-2.10.jar%2372!/:?]
	at net.minecraft.util.GsonHelper.m_13808_(GsonHelper.java:463) ~[server-1.20.1-20230612.114412-srg.jar%23506!/:?]
	at net.minecraft.util.GsonHelper.m_13836_(GsonHelper.java:471) ~[server-1.20.1-20230612.114412-srg.jar%23506!/:?]
	at net.minecraft.world.level.storage.loot.entries.CompositeEntryBase$1.m_5921_(CompositeEntryBase.java:61) ~[server-1.20.1-20230612.114412-srg.jar%23506!/:?]
	at net.minecraft.world.level.storage.loot.entries.CompositeEntryBase$1.m_5921_(CompositeEntryBase.java:53) ~[server-1.20.1-20230612.114412-srg.jar%23506!/:?]
	at net.minecraft.world.level.storage.loot.entries.LootPoolEntryContainer$Serializer.m_7561_(LootPoolEntryContainer.java:86) ~[server-1.20.1-20230612.114412-srg.jar%23506!/:?]
	at net.minecraft.world.level.storage.loot.entries.LootPoolEntryContainer$Serializer.m_7561_(LootPoolEntryContainer.java:74) ~[server-1.20.1-20230612.114412-srg.jar%23506!/:?]
	at net.minecraft.world.level.storage.loot.GsonAdapterFactory$JsonAdapter.deserialize(GsonAdapterFactory.java:102) ~[server-1.20.1-20230612.114412-srg.jar%23506!/:?]
	at com.google.gson.internal.bind.TreeTypeAdapter.read(TreeTypeAdapter.java:76) ~[gson-2.10.jar%2372!/:?]
	at com.google.gson.internal.bind.TypeAdapterRuntimeTypeWrapper.read(TypeAdapterRuntimeTypeWrapper.java:40) ~[gson-2.10.jar%2372!/:?]
	at com.google.gson.internal.bind.ArrayTypeAdapter.read(ArrayTypeAdapter.java:72) ~[gson-2.10.jar%2372!/:?]
	at com.google.gson.Gson.fromJson(Gson.java:1214) ~[gson-2.10.jar%2372!/:?]
	at com.google.gson.Gson.fromJson(Gson.java:1319) ~[gson-2.10.jar%2372!/:?]
	at com.google.gson.Gson.fromJson(Gson.java:1290) ~[gson-2.10.jar%2372!/:?]
	at com.google.gson.internal.bind.TreeTypeAdapter$GsonContextImpl.deserialize(TreeTypeAdapter.java:179) ~[gson-2.10.jar%2372!/:?]
	at net.minecraft.util.GsonHelper.m_13808_(GsonHelper.java:463) ~[server-1.20.1-20230612.114412-srg.jar%23506!/:?]
	at net.minecraft.util.GsonHelper.m_13836_(GsonHelper.java:471) ~[server-1.20.1-20230612.114412-srg.jar%23506!/:?]
	at net.minecraft.world.level.storage.loot.LootPool$Serializer.deserialize(LootPool.java:192) ~[server-1.20.1-20230612.114412-srg.jar%23506!/:?]
	at net.minecraft.world.level.storage.loot.LootPool$Serializer.deserialize(LootPool.java:189) ~[server-1.20.1-20230612.114412-srg.jar%23506!/:?]
	at com.google.gson.internal.bind.TreeTypeAdapter.read(TreeTypeAdapter.java:76) ~[gson-2.10.jar%2372!/:?]
	at com.google.gson.internal.bind.TypeAdapterRuntimeTypeWrapper.read(TypeAdapterRuntimeTypeWrapper.java:40) ~[gson-2.10.jar%2372!/:?]
	at com.google.gson.internal.bind.ArrayTypeAdapter.read(ArrayTypeAdapter.java:72) ~[gson-2.10.jar%2372!/:?]
	at com.google.gson.Gson.fromJson(Gson.java:1214) ~[gson-2.10.jar%2372!/:?]
	at com.google.gson.Gson.fromJson(Gson.java:1319) ~[gson-2.10.jar%2372!/:?]
	at com.google.gson.Gson.fromJson(Gson.java:1290) ~[gson-2.10.jar%2372!/:?]
	at com.google.gson.internal.bind.TreeTypeAdapter$GsonContextImpl.deserialize(TreeTypeAdapter.java:179) ~[gson-2.10.jar%2372!/:?]
	at net.minecraft.util.GsonHelper.m_13808_(GsonHelper.java:463) ~[server-1.20.1-20230612.114412-srg.jar%23506!/:?]
	at net.minecraft.util.GsonHelper.m_13845_(GsonHelper.java:481) ~[server-1.20.1-20230612.114412-srg.jar%23506!/:?]
	at net.minecraft.world.level.storage.loot.LootTable$Serializer.deserialize(LootTable.java:294) ~[server-1.20.1-20230612.114412-srg.jar%23506!/:?]
	at net.minecraft.world.level.storage.loot.LootTable$Serializer.deserialize(LootTable.java:291) ~[server-1.20.1-20230612.114412-srg.jar%23506!/:?]
	at com.google.gson.internal.bind.TreeTypeAdapter.read(TreeTypeAdapter.java:76) ~[gson-2.10.jar%2372!/:?]
	at com.google.gson.Gson.fromJson(Gson.java:1214) ~[gson-2.10.jar%2372!/:?]
	at com.google.gson.Gson.fromJson(Gson.java:1319) ~[gson-2.10.jar%2372!/:?]
	at com.google.gson.Gson.fromJson(Gson.java:1261) ~[gson-2.10.jar%2372!/:?]
	at net.minecraftforge.common.ForgeHooks.loadLootTable(ForgeHooks.java:872) ~[forge-1.20.1-47.4.10-universal.jar%23511!/:?]
	at net.minecraftforge.common.ForgeHooks.lambda$getLootTableDeserializer$3(ForgeHooks.java:849) ~[forge-1.20.1-47.4.10-universal.jar%23511!/:?]
	at net.minecraft.world.level.storage.loot.LootDataType.deserialize(LootDataType.java:45) ~[server-1.20.1-20230612.114412-srg.jar%23506!/:?]
	at net.minecraft.world.level.storage.loot.LootDataManager.lambda$scheduleElementParse$4(LootDataManager.java:56) ~[server-1.20.1-20230612.114412-srg.jar%23506!/:?]
	at java.util.HashMap.forEach(HashMap.java:1421) ~[?:?]
	at net.minecraft.world.level.storage.loot.LootDataManager.m_278660_(LootDataManager.java:55) ~[server-1.20.1-20230612.114412-srg.jar%23506!/:?]
	at java.util.concurrent.CompletableFuture$AsyncRun.run(CompletableFuture.java:1804) ~[?:?]
	at java.util.concurrent.CompletableFuture$AsyncRun.exec(CompletableFuture.java:1796) ~[?:?]
	at java.util.concurrent.ForkJoinTask.doExec(ForkJoinTask.java:373) ~[?:?]
	at java.util.concurrent.ForkJoinPool$WorkQueue.topLevelExec(ForkJoinPool.java:1182) ~[?:?]
	at java.util.concurrent.ForkJoinPool.scan(ForkJoinPool.java:1655) ~[?:?]
	at java.util.concurrent.ForkJoinPool.runWorker(ForkJoinPool.java:1622) ~[?:?]
	at java.util.concurrent.ForkJoinWorkerThread.run(ForkJoinWorkerThread.java:165) ~[?:?]
[16May2026 01:14:25.439] [Worker-Main-1/INFO] [Spartan Weaponry/]: Adding Iron Weapons to the Village Weaponsmith Loot Table!
[16May2026 01:14:25.685] [Worker-Main-1/ERROR] [net.minecraftforge.common.ForgeHooks/]: Couldn't parse element loot_tables:overweight_farming:blocks/overweight_onion_block
com.google.gson.JsonSyntaxException: Expected name to be an item, was unknown string 'farmersdelight:onion'
	at net.minecraft.util.GsonHelper.m_13866_(GsonHelper.java:145) ~[server-1.20.1-20230612.114412-srg.jar%23506!/:?]
	at java.util.Optional.orElseThrow(Optional.java:403) ~[?:?]
	at net.minecraft.util.GsonHelper.m_13874_(GsonHelper.java:145) ~[server-1.20.1-20230612.114412-srg.jar%23506!/:?]
	at net.minecraft.util.GsonHelper.m_13909_(GsonHelper.java:153) ~[server-1.20.1-20230612.114412-srg.jar%23506!/:?]
	at net.minecraft.world.level.storage.loot.entries.LootItem$Serializer.m_7267_(LootItem.java:55) ~[server-1.20.1-20230612.114412-srg.jar%23506!/:?]
	at net.minecraft.world.level.storage.loot.entries.LootItem$Serializer.m_7267_(LootItem.java:40) ~[server-1.20.1-20230612.114412-srg.jar%23506!/:?]
	at net.minecraft.world.level.storage.loot.entries.LootPoolSingletonContainer$Serializer.m_5921_(LootPoolSingletonContainer.java:151) ~[server-1.20.1-20230612.114412-srg.jar%23506!/:?]
	at net.minecraft.world.level.storage.loot.entries.LootPoolSingletonContainer$Serializer.m_5921_(LootPoolSingletonContainer.java:129) ~[server-1.20.1-20230612.114412-srg.jar%23506!/:?]
	at net.minecraft.world.level.storage.loot.entries.LootPoolEntryContainer$Serializer.m_7561_(LootPoolEntryContainer.java:86) ~[server-1.20.1-20230612.114412-srg.jar%23506!/:?]
	at net.minecraft.world.level.storage.loot.entries.LootPoolEntryContainer$Serializer.m_7561_(LootPoolEntryContainer.java:74) ~[server-1.20.1-20230612.114412-srg.jar%23506!/:?]
	at net.minecraft.world.level.storage.loot.GsonAdapterFactory$JsonAdapter.deserialize(GsonAdapterFactory.java:102) ~[server-1.20.1-20230612.114412-srg.jar%23506!/:?]
	at com.google.gson.internal.bind.TreeTypeAdapter.read(TreeTypeAdapter.java:76) ~[gson-2.10.jar%2372!/:?]
	at com.google.gson.internal.bind.TypeAdapterRuntimeTypeWrapper.read(TypeAdapterRuntimeTypeWrapper.java:40) ~[gson-2.10.jar%2372!/:?]
	at com.google.gson.internal.bind.ArrayTypeAdapter.read(ArrayTypeAdapter.java:72) ~[gson-2.10.jar%2372!/:?]
	at com.google.gson.Gson.fromJson(Gson.java:1214) ~[gson-2.10.jar%2372!/:?]
	at com.google.gson.Gson.fromJson(Gson.java:1319) ~[gson-2.10.jar%2372!/:?]
	at com.google.gson.Gson.fromJson(Gson.java:1290) ~[gson-2.10.jar%2372!/:?]
	at com.google.gson.internal.bind.TreeTypeAdapter$GsonContextImpl.deserialize(TreeTypeAdapter.java:179) ~[gson-2.10.jar%2372!/:?]
	at net.minecraft.util.GsonHelper.m_13808_(GsonHelper.java:463) ~[server-1.20.1-20230612.114412-srg.jar%23506!/:?]
	at net.minecraft.util.GsonHelper.m_13836_(GsonHelper.java:471) ~[server-1.20.1-20230612.114412-srg.jar%23506!/:?]
	at net.minecraft.world.level.storage.loot.entries.CompositeEntryBase$1.m_5921_(CompositeEntryBase.java:61) ~[server-1.20.1-20230612.114412-srg.jar%23506!/:?]
	at net.minecraft.world.level.storage.loot.entries.CompositeEntryBase$1.m_5921_(CompositeEntryBase.java:53) ~[server-1.20.1-20230612.114412-srg.jar%23506!/:?]
	at net.minecraft.world.level.storage.loot.entries.LootPoolEntryContainer$Serializer.m_7561_(LootPoolEntryContainer.java:86) ~[server-1.20.1-20230612.114412-srg.jar%23506!/:?]
	at net.minecraft.world.level.storage.loot.entries.LootPoolEntryContainer$Serializer.m_7561_(LootPoolEntryContainer.java:74) ~[server-1.20.1-20230612.114412-srg.jar%23506!/:?]
	at net.minecraft.world.level.storage.loot.GsonAdapterFactory$JsonAdapter.deserialize(GsonAdapterFactory.java:102) ~[server-1.20.1-20230612.114412-srg.jar%23506!/:?]
	at com.google.gson.internal.bind.TreeTypeAdapter.read(TreeTypeAdapter.java:76) ~[gson-2.10.jar%2372!/:?]
	at com.google.gson.internal.bind.TypeAdapterRuntimeTypeWrapper.read(TypeAdapterRuntimeTypeWrapper.java:40) ~[gson-2.10.jar%2372!/:?]
	at com.google.gson.internal.bind.ArrayTypeAdapter.read(ArrayTypeAdapter.java:72) ~[gson-2.10.jar%2372!/:?]
	at com.google.gson.Gson.fromJson(Gson.java:1214) ~[gson-2.10.jar%2372!/:?]
	at com.google.gson.Gson.fromJson(Gson.java:1319) ~[gson-2.10.jar%2372!/:?]
	at com.google.gson.Gson.fromJson(Gson.java:1290) ~[gson-2.10.jar%2372!/:?]
	at com.google.gson.internal.bind.TreeTypeAdapter$GsonContextImpl.deserialize(TreeTypeAdapter.java:179) ~[gson-2.10.jar%2372!/:?]
	at net.minecraft.util.GsonHelper.m_13808_(GsonHelper.java:463) ~[server-1.20.1-20230612.114412-srg.jar%23506!/:?]
	at net.minecraft.util.GsonHelper.m_13836_(GsonHelper.java:471) ~[server-1.20.1-20230612.114412-srg.jar%23506!/:?]
	at net.minecraft.world.level.storage.loot.entries.CompositeEntryBase$1.m_5921_(CompositeEntryBase.java:61) ~[server-1.20.1-20230612.114412-srg.jar%23506!/:?]
	at net.minecraft.world.level.storage.loot.entries.CompositeEntryBase$1.m_5921_(CompositeEntryBase.java:53) ~[server-1.20.1-20230612.114412-srg.jar%23506!/:?]
	at net.minecraft.world.level.storage.loot.entries.LootPoolEntryContainer$Serializer.m_7561_(LootPoolEntryContainer.java:86) ~[server-1.20.1-20230612.114412-srg.jar%23506!/:?]
	at net.minecraft.world.level.storage.loot.entries.LootPoolEntryContainer$Serializer.m_7561_(LootPoolEntryContainer.java:74) ~[server-1.20.1-20230612.114412-srg.jar%23506!/:?]
	at net.minecraft.world.level.storage.loot.GsonAdapterFactory$JsonAdapter.deserialize(GsonAdapterFactory.java:102) ~[server-1.20.1-20230612.114412-srg.jar%23506!/:?]
	at com.google.gson.internal.bind.TreeTypeAdapter.read(TreeTypeAdapter.java:76) ~[gson-2.10.jar%2372!/:?]
	at com.google.gson.internal.bind.TypeAdapterRuntimeTypeWrapper.read(TypeAdapterRuntimeTypeWrapper.java:40) ~[gson-2.10.jar%2372!/:?]
	at com.google.gson.internal.bind.ArrayTypeAdapter.read(ArrayTypeAdapter.java:72) ~[gson-2.10.jar%2372!/:?]
	at com.google.gson.Gson.fromJson(Gson.java:1214) ~[gson-2.10.jar%2372!/:?]
	at com.google.gson.Gson.fromJson(Gson.java:1319) ~[gson-2.10.jar%2372!/:?]
	at com.google.gson.Gson.fromJson(Gson.java:1290) ~[gson-2.10.jar%2372!/:?]
	at com.google.gson.internal.bind.TreeTypeAdapter$GsonContextImpl.deserialize(TreeTypeAdapter.java:179) ~[gson-2.10.jar%2372!/:?]
	at net.minecraft.util.GsonHelper.m_13808_(GsonHelper.java:463) ~[server-1.20.1-20230612.114412-srg.jar%23506!/:?]
	at net.minecraft.util.GsonHelper.m_13836_(GsonHelper.java:471) ~[server-1.20.1-20230612.114412-srg.jar%23506!/:?]
	at net.minecraft.world.level.storage.loot.LootPool$Serializer.deserialize(LootPool.java:192) ~[server-1.20.1-20230612.114412-srg.jar%23506!/:?]
	at net.minecraft.world.level.storage.loot.LootPool$Serializer.deserialize(LootPool.java:189) ~[server-1.20.1-20230612.114412-srg.jar%23506!/:?]
	at com.google.gson.internal.bind.TreeTypeAdapter.read(TreeTypeAdapter.java:76) ~[gson-2.10.jar%2372!/:?]
	at com.google.gson.internal.bind.TypeAdapterRuntimeTypeWrapper.read(TypeAdapterRuntimeTypeWrapper.java:40) ~[gson-2.10.jar%2372!/:?]
	at com.google.gson.internal.bind.ArrayTypeAdapter.read(ArrayTypeAdapter.java:72) ~[gson-2.10.jar%2372!/:?]
	at com.google.gson.Gson.fromJson(Gson.java:1214) ~[gson-2.10.jar%2372!/:?]
	at com.google.gson.Gson.fromJson(Gson.java:1319) ~[gson-2.10.jar%2372!/:?]
	at com.google.gson.Gson.fromJson(Gson.java:1290) ~[gson-2.10.jar%2372!/:?]
	at com.google.gson.internal.bind.TreeTypeAdapter$GsonContextImpl.deserialize(TreeTypeAdapter.java:179) ~[gson-2.10.jar%2372!/:?]
	at net.minecraft.util.GsonHelper.m_13808_(GsonHelper.java:463) ~[server-1.20.1-20230612.114412-srg.jar%23506!/:?]
	at net.minecraft.util.GsonHelper.m_13845_(GsonHelper.java:481) ~[server-1.20.1-20230612.114412-srg.jar%23506!/:?]
	at net.minecraft.world.level.storage.loot.LootTable$Serializer.deserialize(LootTable.java:294) ~[server-1.20.1-20230612.114412-srg.jar%23506!/:?]
	at net.minecraft.world.level.storage.loot.LootTable$Serializer.deserialize(LootTable.java:291) ~[server-1.20.1-20230612.114412-srg.jar%23506!/:?]
	at com.google.gson.internal.bind.TreeTypeAdapter.read(TreeTypeAdapter.java:76) ~[gson-2.10.jar%2372!/:?]
	at com.google.gson.Gson.fromJson(Gson.java:1214) ~[gson-2.10.jar%2372!/:?]
	at com.google.gson.Gson.fromJson(Gson.java:1319) ~[gson-2.10.jar%2372!/:?]
	at com.google.gson.Gson.fromJson(Gson.java:1261) ~[gson-2.10.jar%2372!/:?]
	at net.minecraftforge.common.ForgeHooks.loadLootTable(ForgeHooks.java:872) ~[forge-1.20.1-47.4.10-universal.jar%23511!/:?]
	at net.minecraftforge.common.ForgeHooks.lambda$getLootTableDeserializer$3(ForgeHooks.java:849) ~[forge-1.20.1-47.4.10-universal.jar%23511!/:?]
	at net.minecraft.world.level.storage.loot.LootDataType.deserialize(LootDataType.java:45) ~[server-1.20.1-20230612.114412-srg.jar%23506!/:?]
	at net.minecraft.world.level.storage.loot.LootDataManager.lambda$scheduleElementParse$4(LootDataManager.java:56) ~[server-1.20.1-20230612.114412-srg.jar%23506!/:?]
	at java.util.HashMap.forEach(HashMap.java:1421) ~[?:?]
	at net.minecraft.world.level.storage.loot.LootDataManager.m_278660_(LootDataManager.java:55) ~[server-1.20.1-20230612.114412-srg.jar%23506!/:?]
	at java.util.concurrent.CompletableFuture$AsyncRun.run(CompletableFuture.java:1804) ~[?:?]
	at java.util.concurrent.CompletableFuture$AsyncRun.exec(CompletableFuture.java:1796) ~[?:?]
	at java.util.concurrent.ForkJoinTask.doExec(ForkJoinTask.java:373) ~[?:?]
	at java.util.concurrent.ForkJoinPool$WorkQueue.topLevelExec(ForkJoinPool.java:1182) ~[?:?]
	at java.util.concurrent.ForkJoinPool.scan(ForkJoinPool.java:1655) ~[?:?]
	at java.util.concurrent.ForkJoinPool.runWorker(ForkJoinPool.java:1622) ~[?:?]
	at java.util.concurrent.ForkJoinWorkerThread.run(ForkJoinWorkerThread.java:165) ~[?:?]
[16May2026 01:14:26.325] [main/WARN] [net.minecraft.world.level.storage.loot.LootDataManager/]: Found loot table element validation problem in {loot_tables:pamhc2crops:blocks/pamlettucecrop}.pools[0].entries[0]: Unreachable entry!
[16May2026 01:14:26.325] [main/WARN] [net.minecraft.world.level.storage.loot.LootDataManager/]: Found loot table element validation problem in {loot_tables:pamhc2crops:blocks/pamparsnipcrop}.pools[0].entries[0]: Unreachable entry!
[16May2026 01:14:26.325] [main/WARN] [net.minecraft.world.level.storage.loot.LootDataManager/]: Found loot table element validation problem in {loot_tables:pamhc2crops:blocks/pamgarliccrop}.pools[0].entries[0]: Unreachable entry!
[16May2026 01:14:26.325] [main/WARN] [net.minecraft.world.level.storage.loot.LootDataManager/]: Found loot table element validation problem in {loot_tables:pamhc2crops:blocks/pamwaterchestnutcrop}.pools[0].entries[0]: Unreachable entry!
[16May2026 01:14:26.325] [main/WARN] [net.minecraft.world.level.storage.loot.LootDataManager/]: Found loot table element validation problem in {loot_tables:pamhc2crops:blocks/pamartichokecrop}.pools[0].entries[0]: Unreachable entry!
[16May2026 01:14:26.325] [main/WARN] [net.minecraft.world.level.storage.loot.LootDataManager/]: Found loot table element validation problem in {loot_tables:pamhc2crops:blocks/pamcattailcrop}.pools[0].entries[0]: Unreachable entry!
[16May2026 01:14:26.325] [main/WARN] [net.minecraft.world.level.storage.loot.LootDataManager/]: Found loot table element validation problem in {loot_tables:pamhc2crops:blocks/pamturnipcrop}.pools[0].entries[0]: Unreachable entry!
[16May2026 01:14:26.325] [main/WARN] [net.minecraft.world.level.storage.loot.LootDataManager/]: Found loot table element validation problem in {loot_tables:minecraft:chests/underground_cabin}.pools[0].entries[2].functions[1]: Parameters [<parameter minecraft:tool>] are not provided in this context
[16May2026 01:14:26.325] [main/WARN] [net.minecraft.world.level.storage.loot.LootDataManager/]: Found loot table element validation problem in {loot_tables:minecraft:chests/underground_cabin}.pools[1].entries[9].functions[1]: Parameters [<parameter minecraft:tool>] are not provided in this context
[16May2026 01:14:26.325] [main/WARN] [net.minecraft.world.level.storage.loot.LootDataManager/]: Found loot table element validation problem in {loot_tables:pamhc2crops:blocks/pamradishcrop}.pools[0].entries[0]: Unreachable entry!
[16May2026 01:14:26.326] [main/WARN] [net.minecraft.world.level.storage.loot.LootDataManager/]: Found loot table element validation problem in {loot_tables:pamhc2crops:blocks/pamchilipeppercrop}.pools[0].entries[0]: Unreachable entry!
[16May2026 01:14:26.326] [main/WARN] [net.minecraft.world.level.storage.loot.LootDataManager/]: Found loot table element validation problem in {loot_tables:pamhc2crops:blocks/pamjicamacrop}.pools[0].entries[0]: Unreachable entry!
[16May2026 01:14:26.326] [main/WARN] [net.minecraft.world.level.storage.loot.LootDataManager/]: Found loot table element validation problem in {loot_tables:pamhc2crops:blocks/pamnettlescrop}.pools[0].entries[0]: Unreachable entry!
[16May2026 01:14:26.326] [main/WARN] [net.minecraft.world.level.storage.loot.LootDataManager/]: Found loot table element validation problem in {loot_tables:pamhc2crops:blocks/pamblueberrycrop}.pools[0].entries[0]: Unreachable entry!
[16May2026 01:14:26.326] [main/WARN] [net.minecraft.world.level.storage.loot.LootDataManager/]: Found loot table element validation problem in {loot_tables:pamhc2crops:blocks/pamnopalescrop}.pools[0].entries[0]: Unreachable entry!
[16May2026 01:14:26.326] [main/WARN] [net.minecraft.world.level.storage.loot.LootDataManager/]: Found loot table element validation problem in {loot_tables:pamhc2crops:blocks/pamspiceleafcrop}.pools[0].entries[0]: Unreachable entry!
[16May2026 01:14:26.326] [main/WARN] [net.minecraft.world.level.storage.loot.LootDataManager/]: Found loot table element validation problem in {loot_tables:pamhc2crops:blocks/pamcactusfruitcrop}.pools[0].entries[0]: Unreachable entry!
[16May2026 01:14:26.326] [main/WARN] [net.minecraft.world.level.storage.loot.LootDataManager/]: Found loot table element validation problem in {loot_tables:pamhc2crops:blocks/pamcantaloupecrop}.pools[0].entries[0]: Unreachable entry!
[16May2026 01:14:26.326] [main/WARN] [net.minecraft.world.level.storage.loot.LootDataManager/]: Found loot table element validation problem in {loot_tables:pamhc2crops:blocks/pamkiwicrop}.pools[0].entries[0]: Unreachable entry!
[16May2026 01:14:26.326] [main/WARN] [net.minecraft.world.level.storage.loot.LootDataManager/]: Found loot table element validation problem in {loot_tables:pamhc2crops:blocks/pamcottoncrop}.pools[0].entries[0]: Unreachable entry!
[16May2026 01:14:26.326] [main/WARN] [net.minecraft.world.level.storage.loot.LootDataManager/]: Found loot table element validation problem in {loot_tables:pamhc2crops:blocks/pamcalabashcrop}.pools[0].entries[0]: Unreachable entry!
[16May2026 01:14:26.326] [main/WARN] [net.minecraft.world.level.storage.loot.LootDataManager/]: Found loot table element validation problem in {loot_tables:pamhc2crops:blocks/pamstrawberrycrop}.pools[0].entries[0]: Unreachable entry!
[16May2026 01:14:26.327] [main/WARN] [net.minecraft.world.level.storage.loot.LootDataManager/]: Found loot table element validation problem in {loot_tables:pamhc2crops:blocks/pamsweetpotatocrop}.pools[0].entries[0]: Unreachable entry!
[16May2026 01:14:26.327] [main/WARN] [net.minecraft.world.level.storage.loot.LootDataManager/]: Found loot table element validation problem in {loot_tables:pamhc2crops:blocks/pammulberrycrop}.pools[0].entries[0]: Unreachable entry!
[16May2026 01:14:26.327] [main/WARN] [net.minecraft.world.level.storage.loot.LootDataManager/]: Found loot table element validation problem in {loot_tables:pamhc2crops:blocks/pambrusselsproutcrop}.pools[0].entries[0]: Unreachable entry!
[16May2026 01:14:26.327] [main/WARN] [net.minecraft.world.level.storage.loot.LootDataManager/]: Found loot table element validation problem in {loot_tables:pamhc2crops:blocks/pamtomatocrop}.pools[0].entries[0]: Unreachable entry!
[16May2026 01:14:26.327] [main/WARN] [net.minecraft.world.level.storage.loot.LootDataManager/]: Found loot table element validation problem in {loot_tables:pamhc2crops:blocks/pamcorncrop}.pools[0].entries[0]: Unreachable entry!
[16May2026 01:14:26.327] [main/WARN] [net.minecraft.world.level.storage.loot.LootDataManager/]: Found loot table element validation problem in {loot_tables:pamhc2crops:blocks/pamcloudberrycrop}.pools[0].entries[0]: Unreachable entry!
[16May2026 01:14:26.327] [main/WARN] [net.minecraft.world.level.storage.loot.LootDataManager/]: Found loot table element validation problem in {loot_tables:pamhc2crops:blocks/pamonioncrop}.pools[0].entries[0]: Unreachable entry!
[16May2026 01:14:26.327] [main/WARN] [net.minecraft.world.level.storage.loot.LootDataManager/]: Found loot table element validation problem in {loot_tables:pamhc2crops:blocks/pameggplantcrop}.pools[0].entries[0]: Unreachable entry!
[16May2026 01:14:26.327] [main/WARN] [net.minecraft.world.level.storage.loot.LootDataManager/]: Found loot table element validation problem in {loot_tables:pamhc2crops:blocks/pamaloecrop}.pools[0].entries[0]: Unreachable entry!
[16May2026 01:14:26.327] [main/WARN] [net.minecraft.world.level.storage.loot.LootDataManager/]: Found loot table element validation problem in {loot_tables:pamhc2crops:blocks/pamsisalcrop}.pools[0].entries[0]: Unreachable entry!
[16May2026 01:14:26.327] [main/WARN] [net.minecraft.world.level.storage.loot.LootDataManager/]: Found loot table element validation problem in {loot_tables:pamhc2crops:blocks/pamyuccacrop}.pools[0].entries[0]: Unreachable entry!
[16May2026 01:14:26.327] [main/WARN] [net.minecraft.world.level.storage.loot.LootDataManager/]: Found loot table element validation problem in {loot_tables:pamhc2crops:blocks/pamrhubarbcrop}.pools[0].entries[0]: Unreachable entry!
[16May2026 01:14:26.328] [main/WARN] [net.minecraft.world.level.storage.loot.LootDataManager/]: Found loot table element validation problem in {loot_tables:pamhc2crops:blocks/pambroccolicrop}.pools[0].entries[0]: Unreachable entry!
[16May2026 01:14:26.328] [main/WARN] [net.minecraft.world.level.storage.loot.LootDataManager/]: Found loot table element validation problem in {loot_tables:pamhc2crops:blocks/pammilletcrop}.pools[0].entries[0]: Unreachable entry!
[16May2026 01:14:26.328] [main/WARN] [net.minecraft.world.level.storage.loot.LootDataManager/]: Found loot table element validation problem in {loot_tables:pamhc2crops:blocks/pambarleycrop}.pools[0].entries[0]: Unreachable entry!
[16May2026 01:14:26.328] [main/WARN] [net.minecraft.world.level.storage.loot.LootDataManager/]: Found loot table element validation problem in {loot_tables:pamhc2crops:blocks/pamtarocrop}.pools[0].entries[0]: Unreachable entry!
[16May2026 01:14:26.328] [main/WARN] [net.minecraft.world.level.storage.loot.LootDataManager/]: Found loot table element validation problem in {loot_tables:pamhc2crops:blocks/pamoatscrop}.pools[0].entries[0]: Unreachable entry!
[16May2026 01:14:26.328] [main/WARN] [net.minecraft.world.level.storage.loot.LootDataManager/]: Found loot table element validation problem in {loot_tables:pamhc2crops:blocks/pamagavecrop}.pools[0].entries[0]: Unreachable entry!
[16May2026 01:14:26.328] [main/WARN] [net.minecraft.world.level.storage.loot.LootDataManager/]: Found loot table element validation problem in {loot_tables:pamhc2crops:blocks/pamcandleberrycrop}.pools[0].entries[0]: Unreachable entry!
[16May2026 01:14:26.328] [main/WARN] [net.minecraft.world.level.storage.loot.LootDataManager/]: Found loot table element validation problem in {loot_tables:pamhc2crops:blocks/pamcassavacrop}.pools[0].entries[0]: Unreachable entry!
[16May2026 01:14:26.328] [main/WARN] [net.minecraft.world.level.storage.loot.LootDataManager/]: Found loot table element validation problem in {loot_tables:pamhc2crops:blocks/pamtealeafcrop}.pools[0].entries[0]: Unreachable entry!
[16May2026 01:14:26.328] [main/WARN] [net.minecraft.world.level.storage.loot.LootDataManager/]: Found loot table element validation problem in {loot_tables:pamhc2crops:blocks/pampapyruscrop}.pools[0].entries[0]: Unreachable entry!
[16May2026 01:14:26.328] [main/WARN] [net.minecraft.world.level.storage.loot.LootDataManager/]: Found loot table element validation problem in {loot_tables:pamhc2crops:blocks/pampeanutcrop}.pools[0].entries[0]: Unreachable entry!
[16May2026 01:14:26.329] [main/WARN] [net.minecraft.world.level.storage.loot.LootDataManager/]: Found loot table element validation problem in {loot_tables:pamhc2crops:blocks/pamcucumbercrop}.pools[0].entries[0]: Unreachable entry!
[16May2026 01:14:26.329] [main/WARN] [net.minecraft.world.level.storage.loot.LootDataManager/]: Found loot table element validation problem in {loot_tables:pamhc2crops:blocks/pammustardseedscrop}.pools[0].entries[0]: Unreachable entry!
[16May2026 01:14:26.329] [main/WARN] [net.minecraft.world.level.storage.loot.LootDataManager/]: Found loot table element validation problem in {loot_tables:pamhc2crops:blocks/pamrutabagacrop}.pools[0].entries[0]: Unreachable entry!
[16May2026 01:14:26.329] [main/WARN] [net.minecraft.world.level.storage.loot.LootDataManager/]: Found loot table element validation problem in {loot_tables:pamhc2crops:blocks/pamscallioncrop}.pools[0].entries[0]: Unreachable entry!
[16May2026 01:14:26.329] [main/WARN] [net.minecraft.world.level.storage.loot.LootDataManager/]: Found loot table element validation problem in {loot_tables:pamhc2crops:blocks/pambarrelcactuscrop}.pools[0].entries[0]: Unreachable entry!
[16May2026 01:14:26.329] [main/WARN] [net.minecraft.world.level.storage.loot.LootDataManager/]: Found loot table element validation problem in {loot_tables:pamhc2crops:blocks/pamkohlrabicrop}.pools[0].entries[0]: Unreachable entry!
[16May2026 01:14:26.329] [main/WARN] [net.minecraft.world.level.storage.loot.LootDataManager/]: Found loot table element validation problem in {loot_tables:pamhc2crops:blocks/pamsesameseedscrop}.pools[0].entries[0]: Unreachable entry!
[16May2026 01:14:26.329] [main/WARN] [net.minecraft.world.level.storage.loot.LootDataManager/]: Found loot table element validation problem in {loot_tables:pamhc2crops:blocks/pamhuckleberrycrop}.pools[0].entries[0]: Unreachable entry!
[16May2026 01:14:26.329] [main/WARN] [net.minecraft.world.level.storage.loot.LootDataManager/]: Found loot table element validation problem in {loot_tables:pamhc2crops:blocks/pamzucchinicrop}.pools[0].entries[0]: Unreachable entry!
[16May2026 01:14:26.329] [main/WARN] [net.minecraft.world.level.storage.loot.LootDataManager/]: Found loot table element validation problem in {loot_tables:pamhc2crops:blocks/pamkalecrop}.pools[0].entries[0]: Unreachable entry!
[16May2026 01:14:26.329] [main/WARN] [net.minecraft.world.level.storage.loot.LootDataManager/]: Found loot table element validation problem in {loot_tables:pamhc2crops:blocks/pamcranberrycrop}.pools[0].entries[0]: Unreachable entry!
[16May2026 01:14:26.330] [main/WARN] [net.minecraft.world.level.storage.loot.LootDataManager/]: Found loot table element validation problem in {loot_tables:pamhc2crops:blocks/pamguaranacrop}.pools[0].entries[0]: Unreachable entry!
[16May2026 01:14:26.330] [main/WARN] [net.minecraft.world.level.storage.loot.LootDataManager/]: Found loot table element validation problem in {loot_tables:pamhc2crops:blocks/pamgrapecrop}.pools[0].entries[0]: Unreachable entry!
[16May2026 01:14:26.330] [main/WARN] [net.minecraft.world.level.storage.loot.LootDataManager/]: Found loot table element validation problem in {loot_tables:pamhc2crops:blocks/pampineapplecrop}.pools[0].entries[0]: Unreachable entry!
[16May2026 01:14:26.330] [main/WARN] [net.minecraft.world.level.storage.loot.LootDataManager/]: Found loot table element validation problem in {loot_tables:pamhc2crops:blocks/pamarrowrootcrop}.pools[0].entries[0]: Unreachable entry!
[16May2026 01:14:26.330] [main/WARN] [net.minecraft.world.level.storage.loot.LootDataManager/]: Found loot table element validation problem in {loot_tables:pamhc2crops:blocks/pamlotuscrop}.pools[0].entries[0]: Unreachable entry!
[16May2026 01:14:26.330] [main/WARN] [net.minecraft.world.level.storage.loot.LootDataManager/]: Found loot table element validation problem in {loot_tables:pamhc2crops:blocks/pamlentilcrop}.pools[0].entries[0]: Unreachable entry!
[16May2026 01:14:26.330] [main/WARN] [net.minecraft.world.level.storage.loot.LootDataManager/]: Found loot table element validation problem in {loot_tables:pamhc2crops:blocks/pamelderberrycrop}.pools[0].entries[0]: Unreachable entry!
[16May2026 01:14:26.330] [main/WARN] [net.minecraft.world.level.storage.loot.LootDataManager/]: Found loot table element validation problem in {loot_tables:pamhc2crops:blocks/pambeancrop}.pools[0].entries[0]: Unreachable entry!
[16May2026 01:14:26.330] [main/WARN] [net.minecraft.world.level.storage.loot.LootDataManager/]: Found loot table element validation problem in {loot_tables:pamhc2crops:blocks/pamamaranthcrop}.pools[0].entries[0]: Unreachable entry!
[16May2026 01:14:26.330] [main/WARN] [net.minecraft.world.level.storage.loot.LootDataManager/]: Found loot table element validation problem in {loot_tables:pamhc2crops:blocks/pamchickpeacrop}.pools[0].entries[0]: Unreachable entry!
[16May2026 01:14:26.330] [main/WARN] [net.minecraft.world.level.storage.loot.LootDataManager/]: Found loot table element validation problem in {loot_tables:pamhc2crops:blocks/pamgingercrop}.pools[0].entries[0]: Unreachable entry!
[16May2026 01:14:26.330] [main/WARN] [net.minecraft.world.level.storage.loot.LootDataManager/]: Found loot table element validation problem in {loot_tables:pamhc2crops:blocks/pamleekcrop}.pools[0].entries[0]: Unreachable entry!
[16May2026 01:14:26.330] [main/WARN] [net.minecraft.world.level.storage.loot.LootDataManager/]: Found loot table element validation problem in {loot_tables:pamhc2crops:blocks/pamwintersquashcrop}.pools[0].entries[0]: Unreachable entry!
[16May2026 01:14:26.331] [main/WARN] [net.minecraft.world.level.storage.loot.LootDataManager/]: Found loot table element validation problem in {loot_tables:pamhc2crops:blocks/pamryecrop}.pools[0].entries[0]: Unreachable entry!
[16May2026 01:14:26.331] [main/WARN] [net.minecraft.world.level.storage.loot.LootDataManager/]: Found loot table element validation problem in {loot_tables:alexsmobs:gameplay/seal_reward}.pools[0].entries[0]->{minecraft:gameplay/fishing/junk}.pools[1].condition[1]: Parameters [<parameter minecraft:origin>] are not provided in this context
[16May2026 01:14:26.331] [main/WARN] [net.minecraft.world.level.storage.loot.LootDataManager/]: Found loot table element validation problem in {loot_tables:pamhc2crops:blocks/pambellpeppercrop}.pools[0].entries[0]: Unreachable entry!
[16May2026 01:14:26.331] [main/WARN] [net.minecraft.world.level.storage.loot.LootDataManager/]: Found loot table element validation problem in {loot_tables:pamhc2crops:blocks/pamspinachcrop}.pools[0].entries[0]: Unreachable entry!
[16May2026 01:14:26.331] [main/WARN] [net.minecraft.world.level.storage.loot.LootDataManager/]: Found loot table element validation problem in {loot_tables:pamhc2crops:blocks/pamalfalfacrop}.pools[0].entries[0]: Unreachable entry!
[16May2026 01:14:26.331] [main/WARN] [net.minecraft.world.level.storage.loot.LootDataManager/]: Found loot table element validation problem in {loot_tables:pamhc2crops:blocks/pamasparaguscrop}.pools[0].entries[0]: Unreachable entry!
[16May2026 01:14:26.331] [main/WARN] [net.minecraft.world.level.storage.loot.LootDataManager/]: Found loot table element validation problem in {loot_tables:pamhc2crops:blocks/pamcanolacrop}.pools[0].entries[0]: Unreachable entry!
[16May2026 01:14:26.331] [main/WARN] [net.minecraft.world.level.storage.loot.LootDataManager/]: Found loot table element validation problem in {loot_tables:pamhc2crops:blocks/pamokracrop}.pools[0].entries[0]: Unreachable entry!
[16May2026 01:14:26.331] [main/WARN] [net.minecraft.world.level.storage.loot.LootDataManager/]: Found loot table element validation problem in {loot_tables:pamhc2crops:blocks/pamsoybeancrop}.pools[0].entries[0]: Unreachable entry!
[16May2026 01:14:26.331] [main/WARN] [net.minecraft.world.level.storage.loot.LootDataManager/]: Found loot table element validation problem in {loot_tables:pamhc2crops:blocks/pamricecrop}.pools[0].entries[0]: Unreachable entry!
[16May2026 01:14:26.331] [main/WARN] [net.minecraft.world.level.storage.loot.LootDataManager/]: Found loot table element validation problem in {loot_tables:pamhc2crops:blocks/pamquinoacrop}.pools[0].entries[0]: Unreachable entry!
[16May2026 01:14:26.331] [main/WARN] [net.minecraft.world.level.storage.loot.LootDataManager/]: Found loot table element validation problem in {loot_tables:pamhc2crops:blocks/pamsorghumcrop}.pools[0].entries[0]: Unreachable entry!
[16May2026 01:14:26.332] [main/WARN] [net.minecraft.world.level.storage.loot.LootDataManager/]: Found loot table element validation problem in {loot_tables:pamhc2crops:blocks/pamwhitemushroomcrop}.pools[0].entries[0]: Unreachable entry!
[16May2026 01:14:26.332] [main/WARN] [net.minecraft.world.level.storage.loot.LootDataManager/]: Found loot table element validation problem in {loot_tables:pamhc2crops:blocks/pamblackberrycrop}.pools[0].entries[0]: Unreachable entry!
[16May2026 01:14:26.332] [main/WARN] [net.minecraft.world.level.storage.loot.LootDataManager/]: Found loot table element validation problem in {loot_tables:pamhc2crops:blocks/pamcauliflowercrop}.pools[0].entries[0]: Unreachable entry!
[16May2026 01:14:26.332] [main/WARN] [net.minecraft.world.level.storage.loot.LootDataManager/]: Found loot table element validation problem in {loot_tables:pamhc2crops:blocks/pamjuniperberrycrop}.pools[0].entries[0]: Unreachable entry!
[16May2026 01:14:26.332] [main/WARN] [net.minecraft.world.level.storage.loot.LootDataManager/]: Found loot table element validation problem in {loot_tables:pamhc2crops:blocks/pamcelerycrop}.pools[0].entries[0]: Unreachable entry!
[16May2026 01:14:26.332] [main/WARN] [net.minecraft.world.level.storage.loot.LootDataManager/]: Found loot table element validation problem in {loot_tables:pamhc2crops:blocks/pamjutecrop}.pools[0].entries[0]: Unreachable entry!
[16May2026 01:14:26.332] [main/WARN] [net.minecraft.world.level.storage.loot.LootDataManager/]: Found loot table element validation problem in {loot_tables:pamhc2crops:blocks/pamtomatillocrop}.pools[0].entries[0]: Unreachable entry!
[16May2026 01:14:26.332] [main/WARN] [net.minecraft.world.level.storage.loot.LootDataManager/]: Found loot table element validation problem in {loot_tables:pamhc2crops:blocks/pamgreengrapecrop}.pools[0].entries[0]: Unreachable entry!
[16May2026 01:14:26.332] [main/WARN] [net.minecraft.world.level.storage.loot.LootDataManager/]: Found loot table element validation problem in {loot_tables:pamhc2crops:blocks/pamkenafcrop}.pools[0].entries[0]: Unreachable entry!
[16May2026 01:14:26.332] [main/WARN] [net.minecraft.world.level.storage.loot.LootDataManager/]: Found loot table element validation problem in {loot_tables:pamhc2crops:blocks/pamcoffeebeancrop}.pools[0].entries[0]: Unreachable entry!
[16May2026 01:14:26.332] [main/WARN] [net.minecraft.world.level.storage.loot.LootDataManager/]: Found loot table element validation problem in {loot_tables:pamhc2crops:blocks/pambokchoycrop}.pools[0].entries[0]: Unreachable entry!
[16May2026 01:14:26.332] [main/WARN] [net.minecraft.world.level.storage.loot.LootDataManager/]: Found loot table element validation problem in {loot_tables:pamhc2crops:blocks/pamchiacrop}.pools[0].entries[0]: Unreachable entry!
[16May2026 01:14:26.332] [main/WARN] [net.minecraft.world.level.storage.loot.LootDataManager/]: Found loot table element validation problem in {loot_tables:pamhc2crops:blocks/pamtrufflecrop}.pools[0].entries[0]: Unreachable entry!
[16May2026 01:14:26.332] [main/WARN] [net.minecraft.world.level.storage.loot.LootDataManager/]: Found loot table element validation problem in {loot_tables:pamhc2crops:blocks/pamflaxcrop}.pools[0].entries[0]: Unreachable entry!
[16May2026 01:14:26.332] [main/WARN] [net.minecraft.world.level.storage.loot.LootDataManager/]: Found loot table element validation problem in {loot_tables:pamhc2crops:blocks/pamsunchokecrop}.pools[0].entries[0]: Unreachable entry!
[16May2026 01:14:26.333] [main/WARN] [net.minecraft.world.level.storage.loot.LootDataManager/]: Found loot table element validation problem in {loot_tables:pamhc2crops:blocks/pamwolfberrycrop}.pools[0].entries[0]: Unreachable entry!
[16May2026 01:14:26.333] [main/WARN] [net.minecraft.world.level.storage.loot.LootDataManager/]: Found loot table element validation problem in {loot_tables:pamhc2crops:blocks/pamcabbagecrop}.pools[0].entries[0]: Unreachable entry!
[16May2026 01:14:26.333] [main/WARN] [net.minecraft.world.level.storage.loot.LootDataManager/]: Found loot table element validation problem in {loot_tables:pamhc2crops:blocks/pampeascrop}.pools[0].entries[0]: Unreachable entry!
[16May2026 01:14:26.333] [main/WARN] [net.minecraft.world.level.storage.loot.LootDataManager/]: Found loot table element validation problem in {loot_tables:pamhc2crops:blocks/pamraspberrycrop}.pools[0].entries[0]: Unreachable entry!
[16May2026 01:14:26.361] [main/INFO] [org.betterx.worlds.together.util.Logger/]: [bclib] Disabling Recipe: bclib:test_star
[16May2026 01:14:26.386] [main/INFO] [net.minecraft.world.item.crafting.RecipeManager/]: Skipping loading recipe overweight_farming:cutting/breakdown_poisonous_potato as it's serializer returned null
[16May2026 01:14:26.387] [main/INFO] [net.minecraft.world.item.crafting.RecipeManager/]: Skipping loading recipe copperagebackport:pale_oak_shelf_from_palegardenbackport as it's serializer returned null
[16May2026 01:14:26.387] [main/INFO] [net.minecraft.world.item.crafting.RecipeManager/]: Skipping loading recipe copperagebackport:exposed_lightning_rod_from_friendsandfoes as it's serializer returned null
[16May2026 01:14:26.388] [main/ERROR] [net.minecraft.world.item.crafting.RecipeManager/]: Parsing error loading recipe spartanaether:aetherite_longsword_smithing: com.google.gson.JsonSyntaxException: Unknown item 'aethergearexpansion:aetherite_upgrade_smithing_template'
[16May2026 01:14:26.389] [main/INFO] [Spartan Weaponry/]: Empty result tag:"forge:nuggets/steel" Skipping...
[16May2026 01:14:26.389] [main/INFO] [net.minecraft.world.item.crafting.RecipeManager/]: Skipping loading recipe spartanweaponry:steel_nugget_from_blasting_steel_weapons as it's serializer returned null
[16May2026 01:14:26.392] [main/INFO] [Spartan Weaponry/]: Empty result tag:"forge:nuggets/invar" Skipping...
[16May2026 01:14:26.393] [main/INFO] [net.minecraft.world.item.crafting.RecipeManager/]: Skipping loading recipe spartanweaponry:invar_nugget_from_smelting_invar_weapons as it's serializer returned null
[16May2026 01:14:26.394] [main/INFO] [Spartan Weaponry/]: Empty result tag:"forge:nuggets/constantan" Skipping...
[16May2026 01:14:26.394] [main/INFO] [net.minecraft.world.item.crafting.RecipeManager/]: Skipping loading recipe spartanweaponry:constantan_nugget_from_smelting_constantan_weapons as it's serializer returned null
[16May2026 01:14:26.397] [main/ERROR] [net.minecraft.world.item.crafting.RecipeManager/]: Parsing error loading recipe spartanaether:aetherite_katana_repairing: com.google.gson.JsonSyntaxException: Unknown item 'spartanaether:aetherite_katana'
[16May2026 01:14:26.401] [main/ERROR] [net.minecraft.world.item.crafting.RecipeManager/]: Parsing error loading recipe spartanaether:aetherite_battle_hammer_repairing: com.google.gson.JsonSyntaxException: Unknown item 'spartanaether:aetherite_battle_hammer'
[16May2026 01:14:26.404] [main/INFO] [net.minecraft.world.item.crafting.RecipeManager/]: Skipping loading recipe overweight_farming:apply_fullmetal_directly_to_compost as it's serializer returned null
[16May2026 01:14:26.405] [main/ERROR] [net.minecraft.world.item.crafting.RecipeManager/]: Parsing error loading recipe spartanaether:aetherite_pike_repairing: com.google.gson.JsonSyntaxException: Unknown item 'spartanaether:aetherite_pike'
[16May2026 01:14:26.406] [main/ERROR] [net.minecraft.world.item.crafting.RecipeManager/]: Parsing error loading recipe spartanaether:aetherite_rapier_repairing: com.google.gson.JsonSyntaxException: Unknown item 'spartanaether:aetherite_rapier'
[16May2026 01:14:26.412] [main/INFO] [net.minecraft.world.item.crafting.RecipeManager/]: Skipping loading recipe overweight_farming:cutting/peel_big_onion as it's serializer returned null
[16May2026 01:14:26.413] [main/INFO] [Spartan Weaponry/]: Empty result tag:"forge:nuggets/steel" Skipping...
[16May2026 01:14:26.414] [main/INFO] [net.minecraft.world.item.crafting.RecipeManager/]: Skipping loading recipe spartanweaponry:steel_nugget_from_smelting_steel_weapons as it's serializer returned null
[16May2026 01:14:26.414] [main/INFO] [net.minecraft.world.item.crafting.RecipeManager/]: Skipping loading recipe twilightforest:jeed/hunger as it's serializer returned null
[16May2026 01:14:26.417] [main/ERROR] [net.minecraft.world.item.crafting.RecipeManager/]: Parsing error loading recipe spartanaether:aetherite_tomahawk_smithing: com.google.gson.JsonSyntaxException: Unknown item 'aethergearexpansion:aetherite_upgrade_smithing_template'
[16May2026 01:14:26.420] [main/ERROR] [net.minecraft.world.item.crafting.RecipeManager/]: Parsing error loading recipe spartanaether:aetherite_parrying_dagger_smithing: com.google.gson.JsonSyntaxException: Unknown item 'aethergearexpansion:aetherite_upgrade_smithing_template'
[16May2026 01:14:26.433] [main/ERROR] [net.minecraft.world.item.crafting.RecipeManager/]: Parsing error loading recipe spartanaether:aetherite_throwing_knife_smithing: com.google.gson.JsonSyntaxException: Unknown item 'aethergearexpansion:aetherite_upgrade_smithing_template'
[16May2026 01:14:26.435] [main/ERROR] [net.minecraft.world.item.crafting.RecipeManager/]: Parsing error loading recipe pamhc2foodcore:melonpieitem: com.google.gson.JsonSyntaxException: Unknown item 'pamhc2foodcore:melonpieitem'
[16May2026 01:14:26.437] [main/INFO] [Spartan Weaponry/]: Empty result tag:"forge:nuggets/lead" Skipping...
[16May2026 01:14:26.437] [main/INFO] [net.minecraft.world.item.crafting.RecipeManager/]: Skipping loading recipe spartanweaponry:lead_nugget_from_blasting_lead_weapons as it's serializer returned null
[16May2026 01:14:26.437] [main/ERROR] [net.minecraft.world.item.crafting.RecipeManager/]: Parsing error loading recipe spartanaether:aetherite_battleaxe_repairing: com.google.gson.JsonSyntaxException: Unknown item 'spartanaether:aetherite_battleaxe'
[16May2026 01:14:26.443] [main/ERROR] [net.minecraft.world.item.crafting.RecipeManager/]: Parsing error loading recipe spartanaether:aetherite_boomerang_smithing: com.google.gson.JsonSyntaxException: Unknown item 'aethergearexpansion:aetherite_upgrade_smithing_template'
[16May2026 01:14:26.444] [main/INFO] [Spartan Weaponry/]: Empty result tag:"forge:nuggets/tin" Skipping...
[16May2026 01:14:26.444] [main/INFO] [net.minecraft.world.item.crafting.RecipeManager/]: Skipping loading recipe spartanweaponry:tin_nugget_from_smelting_tin_weapons as it's serializer returned null
[16May2026 01:14:26.452] [main/ERROR] [net.minecraft.world.item.crafting.RecipeManager/]: Parsing error loading recipe caverns_and_chasms:silver_nugget_from_blasting_spear: com.google.gson.JsonSyntaxException: Unknown item 'caverns_and_chasms:silver_spear'
[16May2026 01:14:26.455] [main/INFO] [net.minecraft.world.item.crafting.RecipeManager/]: Skipping loading recipe copperagebackport:waxed_exposed_lightning_rod_from_friendsandfoes as it's serializer returned null
[16May2026 01:14:26.457] [main/INFO] [Spartan Weaponry/]: Empty result tag:"forge:nuggets/invar" Skipping...
[16May2026 01:14:26.457] [main/INFO] [net.minecraft.world.item.crafting.RecipeManager/]: Skipping loading recipe spartanweaponry:invar_nugget_from_blasting_invar_weapons as it's serializer returned null
[16May2026 01:14:26.463] [main/INFO] [net.minecraft.world.item.crafting.RecipeManager/]: Skipping loading recipe overweight_farming:cutting/breakdown_carrot as it's serializer returned null
[16May2026 01:14:26.464] [main/INFO] [net.minecraft.world.item.crafting.RecipeManager/]: Skipping loading recipe techreborn:grinder/cincinnasite_ore as it's serializer returned null
[16May2026 01:14:26.466] [main/INFO] [net.minecraft.world.item.crafting.RecipeManager/]: Skipping loading recipe deep_aether:stratus_redux_recipe as it's serializer returned null
[16May2026 01:14:26.466] [main/INFO] [net.minecraft.world.item.crafting.RecipeManager/]: Skipping loading recipe overweight_farming:cutting/breakdown_beetroot as it's serializer returned null
[16May2026 01:14:26.467] [main/INFO] [net.minecraft.world.item.crafting.RecipeManager/]: Skipping loading recipe overweight_farming:apply_violent_fullmetal_directly_to_compost as it's serializer returned null
[16May2026 01:14:26.468] [main/INFO] [net.minecraft.world.item.crafting.RecipeManager/]: Skipping loading recipe copperagebackport:pale_oak_shelf_from_vanilliabackports as it's serializer returned null
[16May2026 01:14:26.469] [main/ERROR] [net.minecraft.world.item.crafting.RecipeManager/]: Parsing error loading recipe spartanaether:aetherite_tomahawk_repairing: com.google.gson.JsonSyntaxException: Unknown item 'spartanaether:aetherite_tomahawk'
[16May2026 01:14:26.474] [main/INFO] [net.minecraft.world.item.crafting.RecipeManager/]: Skipping loading recipe twilightforest:jeed/poison as it's serializer returned null
[16May2026 01:14:26.476] [main/INFO] [Spartan Weaponry/]: Empty result tag:"forge:nuggets/aluminum" Skipping...
[16May2026 01:14:26.476] [main/INFO] [net.minecraft.world.item.crafting.RecipeManager/]: Skipping loading recipe spartanweaponry:aluminum_nugget_from_blasting_aluminum_weapons as it's serializer returned null
[16May2026 01:14:26.478] [main/INFO] [net.minecraft.world.item.crafting.RecipeManager/]: Skipping loading recipe overweight_farming:cutting/breakdown_peeled_carrot as it's serializer returned null
[16May2026 01:14:26.479] [main/ERROR] [net.minecraft.world.item.crafting.RecipeManager/]: Parsing error loading recipe spartanaether:aetherite_lance_repairing: com.google.gson.JsonSyntaxException: Unknown item 'spartanaether:aetherite_lance'
[16May2026 01:14:26.481] [main/INFO] [net.minecraft.world.item.crafting.RecipeManager/]: Skipping loading recipe techreborn:grinder/nether_ruby_ore as it's serializer returned null
[16May2026 01:14:26.483] [main/ERROR] [net.minecraft.world.item.crafting.RecipeManager/]: Parsing error loading recipe spartanaether:aetherite_javelin_smithing: com.google.gson.JsonSyntaxException: Unknown item 'aethergearexpansion:aetherite_upgrade_smithing_template'
[16May2026 01:14:26.484] [main/ERROR] [net.minecraft.world.item.crafting.RecipeManager/]: Parsing error loading recipe spartanaether:aetherite_battleaxe_smithing: com.google.gson.JsonSyntaxException: Unknown item 'aethergearexpansion:aetherite_upgrade_smithing_template'
[16May2026 01:14:26.488] [main/ERROR] [net.minecraft.world.item.crafting.RecipeManager/]: Parsing error loading recipe ravageandcabbage:netherite_horn_armor: com.google.gson.JsonSyntaxException: Invalid or unsupported recipe type 'minecraft:smithing'
[16May2026 01:14:26.488] [main/INFO] [Spartan Weaponry/]: Empty result tag:"forge:nuggets/nickel" Skipping...
[16May2026 01:14:26.488] [main/INFO] [net.minecraft.world.item.crafting.RecipeManager/]: Skipping loading recipe spartanweaponry:nickel_nugget_from_smelting_nickel_weapons as it's serializer returned null
[16May2026 01:14:26.488] [main/INFO] [Spartan Weaponry/]: Empty result tag:"forge:nuggets/electrum" Skipping...
[16May2026 01:14:26.488] [main/INFO] [net.minecraft.world.item.crafting.RecipeManager/]: Skipping loading recipe spartanweaponry:electrum_nugget_from_smelting_electrum_weapons as it's serializer returned null
[16May2026 01:14:26.490] [main/INFO] [net.minecraft.world.item.crafting.RecipeManager/]: Skipping loading recipe deep_aether:metal_mixture_recipe as it's serializer returned null
[16May2026 01:14:26.492] [main/ERROR] [net.minecraft.world.item.crafting.RecipeManager/]: Parsing error loading recipe spartanaether:aetherite_javelin_repairing: com.google.gson.JsonSyntaxException: Unknown item 'spartanaether:aetherite_javelin'
[16May2026 01:14:26.493] [main/ERROR] [net.minecraft.world.item.crafting.RecipeManager/]: Parsing error loading recipe spartanaether:aetherite_longsword_repairing: com.google.gson.JsonSyntaxException: Unknown item 'spartanaether:aetherite_longsword'
[16May2026 01:14:26.494] [main/INFO] [net.minecraft.world.item.crafting.RecipeManager/]: Skipping loading recipe overweight_farming:cutting/breakdown_peeled_onion as it's serializer returned null
[16May2026 01:14:26.498] [main/ERROR] [net.minecraft.world.item.crafting.RecipeManager/]: Parsing error loading recipe spartanaether:aetherite_pike_smithing: com.google.gson.JsonSyntaxException: Unknown item 'aethergearexpansion:aetherite_upgrade_smithing_template'
[16May2026 01:14:26.499] [main/ERROR] [net.minecraft.world.item.crafting.RecipeManager/]: Parsing error loading recipe spartanaether:aetherite_spear_repairing: com.google.gson.JsonSyntaxException: Unknown item 'spartanaether:aetherite_spear'
[16May2026 01:14:26.502] [main/INFO] [net.minecraft.world.item.crafting.RecipeManager/]: Skipping loading recipe overweight_farming:cutting/breakdown_golden_apple as it's serializer returned null
[16May2026 01:14:26.503] [main/INFO] [net.minecraft.world.item.crafting.RecipeManager/]: Skipping loading recipe overweight_farming:cutting/breakdown_peeled_beetroot as it's serializer returned null
[16May2026 01:14:26.506] [main/INFO] [Spartan Weaponry/]: Empty result tag:"forge:nuggets/platinum" Skipping...
[16May2026 01:14:26.506] [main/INFO] [net.minecraft.world.item.crafting.RecipeManager/]: Skipping loading recipe spartanweaponry:platinum_nugget_from_blasting_platinum_weapons as it's serializer returned null
[16May2026 01:14:26.513] [main/INFO] [Spartan Weaponry/]: Empty result tag:"forge:nuggets/bronze" Skipping...
[16May2026 01:14:26.513] [main/INFO] [net.minecraft.world.item.crafting.RecipeManager/]: Skipping loading recipe spartanweaponry:bronze_nugget_from_smelting_bronze_weapons as it's serializer returned null
[16May2026 01:14:26.517] [main/INFO] [net.minecraft.world.item.crafting.RecipeManager/]: Skipping loading recipe supplementaries:inspirations/flag_clear as it's serializer returned null
[16May2026 01:14:26.518] [main/ERROR] [net.minecraft.world.item.crafting.RecipeManager/]: Parsing error loading recipe spartanaether:aetherite_quarterstaff_repairing: com.google.gson.JsonSyntaxException: Unknown item 'spartanaether:aetherite_quarterstaff'
[16May2026 01:14:26.520] [main/INFO] [net.minecraft.world.item.crafting.RecipeManager/]: Skipping loading recipe overweight_farming:cutting/breakdown_onion as it's serializer returned null
[16May2026 01:14:26.521] [main/INFO] [net.minecraft.world.item.crafting.RecipeManager/]: Skipping loading recipe overweight_farming:cutting/melon_take_first_half_seeds as it's serializer returned null
[16May2026 01:14:26.525] [main/INFO] [net.minecraft.world.item.crafting.RecipeManager/]: Skipping loading recipe overweight_farming:cutting/peel_big_carrot as it's serializer returned null
[16May2026 01:14:26.525] [main/ERROR] [net.minecraft.world.item.crafting.RecipeManager/]: Parsing error loading recipe spartanaether:aetherite_boomerang_repairing: com.google.gson.JsonSyntaxException: Unknown item 'spartanaether:aetherite_boomerang'
[16May2026 01:14:26.525] [main/ERROR] [net.minecraft.world.item.crafting.RecipeManager/]: Parsing error loading recipe spartanaether:aetherite_spear_smithing: com.google.gson.JsonSyntaxException: Unknown item 'aethergearexpansion:aetherite_upgrade_smithing_template'
[16May2026 01:14:26.526] [main/ERROR] [net.minecraft.world.item.crafting.RecipeManager/]: Parsing error loading recipe ender_dragon_loot:dragon_spear: com.google.gson.JsonSyntaxException: Unknown item 'ender_dragon_loot:dragon_upgrade_template'
[16May2026 01:14:26.527] [main/ERROR] [net.minecraft.world.item.crafting.RecipeManager/]: Parsing error loading recipe spartanaether:aetherite_longbow_repairing: com.google.gson.JsonSyntaxException: Unknown item 'spartanaether:aetherite_longbow'
[16May2026 01:14:26.527] [main/ERROR] [net.minecraft.world.item.crafting.RecipeManager/]: Parsing error loading recipe dragonloot:dragon_spear: com.google.gson.JsonSyntaxException: Unknown item 'dragonloot:dragon_scale'
[16May2026 01:14:26.528] [main/ERROR] [net.minecraft.world.item.crafting.RecipeManager/]: Parsing error loading recipe caverns_and_chasms:necromium_spear_smithing: com.google.gson.JsonSyntaxException: Unknown item 'caverns_and_chasms:necromium_spear'
[16May2026 01:14:26.531] [main/ERROR] [net.minecraft.world.item.crafting.RecipeManager/]: Parsing error loading recipe spartanaether:aetherite_scythe_repairing: com.google.gson.JsonSyntaxException: Unknown item 'spartanaether:aetherite_scythe'
[16May2026 01:14:26.550] [main/INFO] [net.minecraft.world.item.crafting.RecipeManager/]: Skipping loading recipe overweight_farming:cutting/peel_melon as it's serializer returned null
[16May2026 01:14:26.551] [main/INFO] [net.minecraft.world.item.crafting.RecipeManager/]: Skipping loading recipe twilightforest:jeed/regeneration as it's serializer returned null
[16May2026 01:14:26.554] [main/INFO] [net.minecraft.world.item.crafting.RecipeManager/]: Skipping loading recipe overweight_farming:cutting/peel_big_potato as it's serializer returned null
[16May2026 01:14:26.559] [main/ERROR] [net.minecraft.world.item.crafting.RecipeManager/]: Parsing error loading recipe caverns_and_chasms:silver_nugget_from_smelting_spear: com.google.gson.JsonSyntaxException: Unknown item 'caverns_and_chasms:silver_spear'
[16May2026 01:14:26.561] [main/ERROR] [net.minecraft.world.item.crafting.RecipeManager/]: Parsing error loading recipe spartanaether:aetherite_halberd_repairing: com.google.gson.JsonSyntaxException: Unknown item 'spartanaether:aetherite_halberd'
[16May2026 01:14:26.561] [main/INFO] [net.minecraft.world.item.crafting.RecipeManager/]: Skipping loading recipe overweight_farming:cutting/breakdown_cabbage as it's serializer returned null
[16May2026 01:14:26.562] [main/INFO] [net.minecraft.world.item.crafting.RecipeManager/]: Skipping loading recipe twilightforest:jeed/fire_resistance as it's serializer returned null
[16May2026 01:14:26.563] [main/INFO] [net.minecraft.world.item.crafting.RecipeManager/]: Skipping loading recipe overweight_farming:cutting/breakdown_baked_potato as it's serializer returned null
[16May2026 01:14:26.564] [main/ERROR] [net.minecraft.world.item.crafting.RecipeManager/]: Parsing error loading recipe spartanaether:aetherite_heavy_crossbow_repairing: com.google.gson.JsonSyntaxException: Unknown item 'spartanaether:aetherite_heavy_crossbow'
[16May2026 01:14:26.566] [main/INFO] [net.minecraft.world.item.crafting.RecipeManager/]: Skipping loading recipe copperagebackport:oxidized_lightning_rod_from_friendsandfoes as it's serializer returned null
[16May2026 01:14:26.573] [main/INFO] [net.minecraft.world.item.crafting.RecipeManager/]: Skipping loading recipe supplementaries:inspirations/blackboard_clear as it's serializer returned null
[16May2026 01:14:26.575] [main/ERROR] [net.minecraft.world.item.crafting.RecipeManager/]: Parsing error loading recipe spartanaether:aetherite_throwing_knife_repairing: com.google.gson.JsonSyntaxException: Unknown item 'spartanaether:aetherite_throwing_knife'
[16May2026 01:14:26.589] [main/INFO] [net.minecraft.world.item.crafting.RecipeManager/]: Skipping loading recipe overweight_farming:cutting/breakdown_potato as it's serializer returned null
[16May2026 01:14:26.589] [main/ERROR] [net.minecraft.world.item.crafting.RecipeManager/]: Parsing error loading recipe spartanaether:aetherite_greatsword_smithing: com.google.gson.JsonSyntaxException: Unknown item 'aethergearexpansion:aetherite_upgrade_smithing_template'
[16May2026 01:14:26.591] [main/INFO] [net.minecraft.world.item.crafting.RecipeManager/]: Skipping loading recipe overweight_farming:cutting/breakdown_cocoa as it's serializer returned null
[16May2026 01:14:26.593] [main/INFO] [net.minecraft.world.item.crafting.RecipeManager/]: Skipping loading recipe overweight_farming:cutting/breakdown_peeled_potato as it's serializer returned null
[16May2026 01:14:26.593] [main/INFO] [net.minecraft.world.item.crafting.RecipeManager/]: Skipping loading recipe twilightforest:jeed/frosted as it's serializer returned null
[16May2026 01:14:26.594] [main/INFO] [net.minecraft.world.item.crafting.RecipeManager/]: Skipping loading recipe supplementaries:inspirations/flag_dye as it's serializer returned null
[16May2026 01:14:26.594] [main/ERROR] [net.minecraft.world.item.crafting.RecipeManager/]: Parsing error loading recipe spartanaether:aetherite_lance_smithing: com.google.gson.JsonSyntaxException: Unknown item 'aethergearexpansion:aetherite_upgrade_smithing_template'
[16May2026 01:14:26.598] [main/ERROR] [net.minecraft.world.item.crafting.RecipeManager/]: Parsing error loading recipe spartanaether:aetherite_glaive_repairing: com.google.gson.JsonSyntaxException: Unknown item 'spartanaether:aetherite_glaive'
[16May2026 01:14:26.598] [main/ERROR] [net.minecraft.world.item.crafting.RecipeManager/]: Parsing error loading recipe spartanaether:aetherite_heavy_crossbow_smithing: com.google.gson.JsonSyntaxException: Unknown item 'aethergearexpansion:aetherite_upgrade_smithing_template'
[16May2026 01:14:26.601] [main/ERROR] [net.minecraft.world.item.crafting.RecipeManager/]: Parsing error loading recipe spartanaether:aetherite_warhammer_repairing: com.google.gson.JsonSyntaxException: Unknown item 'spartanaether:aetherite_warhammer'
[16May2026 01:14:26.603] [main/INFO] [net.minecraft.world.item.crafting.RecipeManager/]: Skipping loading recipe overweight_farming:cutting/peel_big_cocoa as it's serializer returned null
[16May2026 01:14:26.604] [main/INFO] [Spartan Weaponry/]: Empty result tag:"forge:nuggets/constantan" Skipping...
[16May2026 01:14:26.604] [main/INFO] [net.minecraft.world.item.crafting.RecipeManager/]: Skipping loading recipe spartanweaponry:constantan_nugget_from_blasting_constantan_weapons as it's serializer returned null
[16May2026 01:14:26.606] [main/ERROR] [net.minecraft.world.item.crafting.RecipeManager/]: Parsing error loading recipe caverns_and_chasms:silver_spear: com.google.gson.JsonSyntaxException: Unknown item 'caverns_and_chasms:silver_spear'
[16May2026 01:14:26.607] [main/ERROR] [net.minecraft.world.item.crafting.RecipeManager/]: Parsing error loading recipe spartanaether:aetherite_rapier_smithing: com.google.gson.JsonSyntaxException: Unknown item 'aethergearexpansion:aetherite_upgrade_smithing_template'
[16May2026 01:14:26.616] [main/ERROR] [net.minecraft.world.item.crafting.RecipeManager/]: Parsing error loading recipe spartanaether:aetherite_flanged_mace_repairing: com.google.gson.JsonSyntaxException: Unknown item 'spartanaether:aetherite_flanged_mace'
[16May2026 01:14:26.618] [main/INFO] [net.minecraft.world.item.crafting.RecipeManager/]: Skipping loading recipe copperagebackport:waxed_lightning_rod_from_friendsandfoes as it's serializer returned null
[16May2026 01:14:26.622] [main/ERROR] [net.minecraft.world.item.crafting.RecipeManager/]: Parsing error loading recipe enderitemod:enderite_spear: com.google.gson.JsonSyntaxException: Unknown item 'enderitemod:enderite_upgrade_smithing_template'
[16May2026 01:14:26.624] [main/INFO] [net.minecraft.world.item.crafting.RecipeManager/]: Skipping loading recipe copperagebackport:waxed_oxidized_lightning_rod_from_friendsandfoes as it's serializer returned null
[16May2026 01:14:26.628] [main/ERROR] [net.minecraft.world.item.crafting.RecipeManager/]: Parsing error loading recipe pamhc2foodcore:honeymuffinitem: com.google.gson.JsonSyntaxException: Unknown item 'pamhc2foodcore:honeymuffinitem'
[16May2026 01:14:26.629] [main/ERROR] [net.minecraft.world.item.crafting.RecipeManager/]: Parsing error loading recipe spartanaether:aetherite_saber_repairing: com.google.gson.JsonSyntaxException: Unknown item 'spartanaether:aetherite_saber'
[16May2026 01:14:26.633] [main/ERROR] [net.minecraft.world.item.crafting.RecipeManager/]: Parsing error loading recipe spartanaether:aetherite_glaive_smithing: com.google.gson.JsonSyntaxException: Unknown item 'aethergearexpansion:aetherite_upgrade_smithing_template'
[16May2026 01:14:26.639] [main/INFO] [net.minecraft.world.item.crafting.RecipeManager/]: Skipping loading recipe twilightforest:jeed/blindness as it's serializer returned null
[16May2026 01:14:26.640] [main/ERROR] [net.minecraft.world.item.crafting.RecipeManager/]: Parsing error loading recipe spartanaether:aetherite_dagger_repairing: com.google.gson.JsonSyntaxException: Unknown item 'spartanaether:aetherite_dagger'
[16May2026 01:14:26.643] [main/ERROR] [net.minecraft.world.item.crafting.RecipeManager/]: Parsing error loading recipe spartanaether:aetherite_flanged_mace_smithing: com.google.gson.JsonSyntaxException: Unknown item 'aethergearexpansion:aetherite_upgrade_smithing_template'
[16May2026 01:14:26.644] [main/INFO] [Spartan Weaponry/]: Empty result tag:"forge:nuggets/aluminum" Skipping...
[16May2026 01:14:26.644] [main/INFO] [net.minecraft.world.item.crafting.RecipeManager/]: Skipping loading recipe spartanweaponry:aluminum_nugget_from_smelting_aluminum_weapons as it's serializer returned null
[16May2026 01:14:26.644] [main/INFO] [net.minecraft.world.item.crafting.RecipeManager/]: Skipping loading recipe overweight_farming:cutting/melon_take_last_half_seeds as it's serializer returned null
[16May2026 01:14:26.648] [main/INFO] [Spartan Weaponry/]: Empty result tag:"forge:nuggets/electrum" Skipping...
[16May2026 01:14:26.648] [main/INFO] [net.minecraft.world.item.crafting.RecipeManager/]: Skipping loading recipe spartanweaponry:electrum_nugget_from_blasting_electrum_weapons as it's serializer returned null
[16May2026 01:14:26.649] [main/ERROR] [net.minecraft.world.item.crafting.RecipeManager/]: Parsing error loading recipe spartanaether:aetherite_warhammer_smithing: com.google.gson.JsonSyntaxException: Unknown item 'aethergearexpansion:aetherite_upgrade_smithing_template'
[16May2026 01:14:26.650] [main/INFO] [Spartan Weaponry/]: Empty result tag:"forge:nuggets/platinum" Skipping...
[16May2026 01:14:26.650] [main/INFO] [net.minecraft.world.item.crafting.RecipeManager/]: Skipping loading recipe spartanweaponry:platinum_nugget_from_smelting_platinum_weapons as it's serializer returned null
[16May2026 01:14:26.659] [main/INFO] [Spartan Weaponry/]: Empty result tag:"forge:nuggets/bronze" Skipping...
[16May2026 01:14:26.659] [main/INFO] [net.minecraft.world.item.crafting.RecipeManager/]: Skipping loading recipe spartanweaponry:bronze_nugget_from_blasting_bronze_weapons as it's serializer returned null
[16May2026 01:14:26.659] [main/ERROR] [net.minecraft.world.item.crafting.RecipeManager/]: Parsing error loading recipe spartanaether:aetherite_greatsword_repairing: com.google.gson.JsonSyntaxException: Unknown item 'spartanaether:aetherite_greatsword'
[16May2026 01:14:26.664] [main/ERROR] [net.minecraft.world.item.crafting.RecipeManager/]: Parsing error loading recipe spartanaether:aetherite_longbow_smithing: com.google.gson.JsonSyntaxException: Unknown item 'aethergearexpansion:aetherite_upgrade_smithing_template'
[16May2026 01:14:26.670] [main/INFO] [Spartan Weaponry/]: Empty result tag:"forge:nuggets/lead" Skipping...
[16May2026 01:14:26.671] [main/INFO] [net.minecraft.world.item.crafting.RecipeManager/]: Skipping loading recipe spartanweaponry:lead_nugget_from_smelting_lead_weapons as it's serializer returned null
[16May2026 01:14:26.677] [main/INFO] [net.minecraft.world.item.crafting.RecipeManager/]: Skipping loading recipe overweight_farming:cutting/peel_big_beetroot as it's serializer returned null
[16May2026 01:14:26.680] [main/ERROR] [net.minecraft.world.item.crafting.RecipeManager/]: Parsing error loading recipe pamhc2foodcore:caramelcupcakeitem_x4: com.google.gson.JsonSyntaxException: Unknown item 'pamhc2foodcore:caramelcupcakeitem'
[16May2026 01:14:26.683] [main/ERROR] [net.minecraft.world.item.crafting.RecipeManager/]: Parsing error loading recipe spartanaether:aetherite_quarterstaff_smithing: com.google.gson.JsonSyntaxException: Unknown item 'aethergearexpansion:aetherite_upgrade_smithing_template'
[16May2026 01:14:26.684] [main/INFO] [net.minecraft.world.item.crafting.RecipeManager/]: Skipping loading recipe twilightforest:jeed/resistance as it's serializer returned null
[16May2026 01:14:26.686] [main/ERROR] [net.minecraft.world.item.crafting.RecipeManager/]: Parsing error loading recipe spartanaether:aetherite_dagger_smithing: com.google.gson.JsonSyntaxException: Unknown item 'aethergearexpansion:aetherite_upgrade_smithing_template'
[16May2026 01:14:26.688] [main/INFO] [net.minecraft.world.item.crafting.RecipeManager/]: Skipping loading recipe techreborn:grinder/nether_lapis_ore as it's serializer returned null
[16May2026 01:14:26.691] [main/INFO] [net.minecraft.world.item.crafting.RecipeManager/]: Skipping loading recipe overweight_farming:cutting/breakdown_apple as it's serializer returned null
[16May2026 01:14:26.691] [main/INFO] [net.minecraft.world.item.crafting.RecipeManager/]: Skipping loading recipe copperagebackport:weathered_lightning_rod_from_friendsandfoes as it's serializer returned null
[16May2026 01:14:26.696] [main/ERROR] [net.minecraft.world.item.crafting.RecipeManager/]: Parsing error loading recipe oreganized:electrum_spear: com.google.gson.JsonSyntaxException: Unknown item 'oreganized:electrum_upgrade_smithing_template'
[16May2026 01:14:26.699] [main/ERROR] [net.minecraft.world.item.crafting.RecipeManager/]: Parsing error loading recipe spartanaether:aetherite_scythe_smithing: com.google.gson.JsonSyntaxException: Unknown item 'aethergearexpansion:aetherite_upgrade_smithing_template'
[16May2026 01:14:26.700] [main/ERROR] [net.minecraft.world.item.crafting.RecipeManager/]: Parsing error loading recipe spartanaether:aetherite_katana_smithing: com.google.gson.JsonSyntaxException: Unknown item 'aethergearexpansion:aetherite_upgrade_smithing_template'
[16May2026 01:14:26.700] [main/ERROR] [net.minecraft.world.item.crafting.RecipeManager/]: Parsing error loading recipe spartanaether:aetherite_halberd_smithing: com.google.gson.JsonSyntaxException: Unknown item 'aethergearexpansion:aetherite_upgrade_smithing_template'
[16May2026 01:14:26.704] [main/INFO] [Spartan Weaponry/]: Empty result tag:"forge:nuggets/nickel" Skipping...
[16May2026 01:14:26.704] [main/INFO] [net.minecraft.world.item.crafting.RecipeManager/]: Skipping loading recipe spartanweaponry:nickel_nugget_from_blasting_nickel_weapons as it's serializer returned null
[16May2026 01:14:26.705] [main/ERROR] [net.minecraft.world.item.crafting.RecipeManager/]: Parsing error loading recipe spartanaether:aetherite_battle_hammer_smithing: com.google.gson.JsonSyntaxException: Unknown item 'aethergearexpansion:aetherite_upgrade_smithing_template'
[16May2026 01:14:26.706] [main/ERROR] [net.minecraft.world.item.crafting.RecipeManager/]: Parsing error loading recipe spartanaether:aetherite_parrying_dagger_repairing: com.google.gson.JsonSyntaxException: Unknown item 'spartanaether:aetherite_parrying_dagger'
[16May2026 01:14:26.711] [main/INFO] [net.minecraft.world.item.crafting.RecipeManager/]: Skipping loading recipe copperagebackport:waxed_weathered_lightning_rod_from_friendsandfoes as it's serializer returned null
[16May2026 01:14:26.711] [main/INFO] [Spartan Weaponry/]: Empty result tag:"forge:nuggets/tin" Skipping...
[16May2026 01:14:26.712] [main/INFO] [net.minecraft.world.item.crafting.RecipeManager/]: Skipping loading recipe spartanweaponry:tin_nugget_from_blasting_tin_weapons as it's serializer returned null
[16May2026 01:14:26.713] [main/INFO] [net.minecraft.world.item.crafting.RecipeManager/]: Skipping loading recipe twilightforest:jeed/slowness as it's serializer returned null
[16May2026 01:14:26.716] [main/ERROR] [net.minecraft.world.item.crafting.RecipeManager/]: Parsing error loading recipe spartanaether:aetherite_saber_smithing: com.google.gson.JsonSyntaxException: Unknown item 'aethergearexpansion:aetherite_upgrade_smithing_template'
[16May2026 01:14:26.726] [main/INFO] [net.minecraft.world.item.crafting.RecipeManager/]: Loaded 30 recipes
[16May2026 01:14:26.752] [main/ERROR] [net.minecraft.server.ServerAdvancementManager/]: Parsing error loading custom advancement spartanaether:recipes/combat/aetherite_longbow_repairing: Unknown item id 'spartanaether:aetherite_longbow'
[16May2026 01:14:26.764] [main/ERROR] [net.minecraft.server.ServerAdvancementManager/]: Parsing error loading custom advancement spartanaether:recipes/combat/aetherite_halberd_repairing: Unknown item id 'spartanaether:aetherite_halberd'
[16May2026 01:14:26.775] [main/ERROR] [net.minecraft.server.ServerAdvancementManager/]: Parsing error loading custom advancement spartanaether:recipes/combat/aetherite_javelin_repairing: Unknown item id 'spartanaether:aetherite_javelin'
[16May2026 01:14:26.785] [main/ERROR] [net.minecraft.server.ServerAdvancementManager/]: Parsing error loading custom advancement overweight_farming:husbandry/unpeel_vegetables: Failed to parse 'location' field
[16May2026 01:14:26.786] [main/ERROR] [net.minecraft.server.ServerAdvancementManager/]: Parsing error loading custom advancement spartanaether:recipes/combat/aetherite_battleaxe_smithing: Unknown item id 'aethergearexpansion:aetherite_ingot'
[16May2026 01:14:26.789] [main/ERROR] [net.minecraft.server.ServerAdvancementManager/]: Parsing error loading custom advancement spartanaether:recipes/combat/aetherite_quarterstaff_repairing: Unknown item id 'spartanaether:aetherite_quarterstaff'
[16May2026 01:14:26.799] [main/ERROR] [net.minecraft.server.ServerAdvancementManager/]: Parsing error loading custom advancement spartanaether:recipes/combat/aetherite_saber_repairing: Unknown item id 'spartanaether:aetherite_saber'
[16May2026 01:14:26.800] [main/ERROR] [net.minecraft.server.ServerAdvancementManager/]: Parsing error loading custom advancement spartanaether:recipes/combat/aetherite_javelin_smithing: Unknown item id 'aethergearexpansion:aetherite_ingot'
[16May2026 01:14:26.803] [main/ERROR] [net.minecraft.server.ServerAdvancementManager/]: Parsing error loading custom advancement spartanaether:recipes/combat/aetherite_battle_hammer_smithing: Unknown item id 'aethergearexpansion:aetherite_ingot'
[16May2026 01:14:26.806] [main/ERROR] [net.minecraft.server.ServerAdvancementManager/]: Parsing error loading custom advancement overweight_farming:recipes/apply_violent_fullmetal_directly_to_compost: Unknown item id 'farmersdelight:straw'
[16May2026 01:14:26.811] [main/ERROR] [net.minecraft.server.ServerAdvancementManager/]: Parsing error loading custom advancement spartanaether:recipes/combat/aetherite_longbow_smithing: Unknown item id 'aethergearexpansion:aetherite_ingot'
[16May2026 01:14:26.812] [main/ERROR] [net.minecraft.server.ServerAdvancementManager/]: Parsing error loading custom advancement spartanaether:recipes/combat/aetherite_halberd_smithing: Unknown item id 'aethergearexpansion:aetherite_ingot'
[16May2026 01:14:26.813] [main/ERROR] [net.minecraft.server.ServerAdvancementManager/]: Parsing error loading custom advancement spartanaether:recipes/combat/aetherite_boomerang_repairing: Unknown item id 'spartanaether:aetherite_boomerang'
[16May2026 01:14:26.816] [main/ERROR] [net.minecraft.server.ServerAdvancementManager/]: Parsing error loading custom advancement spartanaether:recipes/combat/aetherite_greatsword_smithing: Unknown item id 'aethergearexpansion:aetherite_ingot'
[16May2026 01:14:26.824] [main/ERROR] [net.minecraft.server.ServerAdvancementManager/]: Parsing error loading custom advancement spartanaether:recipes/combat/aetherite_flanged_mace_smithing: Unknown item id 'aethergearexpansion:aetherite_ingot'
[16May2026 01:14:26.829] [main/ERROR] [net.minecraft.server.ServerAdvancementManager/]: Parsing error loading custom advancement spartanaether:recipes/combat/aetherite_heavy_crossbow_repairing: Unknown item id 'spartanaether:aetherite_heavy_crossbow'
[16May2026 01:14:26.829] [main/ERROR] [net.minecraft.server.ServerAdvancementManager/]: Parsing error loading custom advancement spartanaether:recipes/combat/aetherite_lance_repairing: Unknown item id 'spartanaether:aetherite_lance'
[16May2026 01:14:26.840] [main/ERROR] [net.minecraft.server.ServerAdvancementManager/]: Parsing error loading custom advancement spartanshields:recipes/basic_mekanists_tower_shield: Unknown item id 'mekanism:energy_tablet'
[16May2026 01:14:26.849] [main/ERROR] [net.minecraft.server.ServerAdvancementManager/]: Parsing error loading custom advancement spartanaether:recipes/combat/aetherite_boomerang_smithing: Unknown item id 'aethergearexpansion:aetherite_ingot'
[16May2026 01:14:26.857] [main/ERROR] [net.minecraft.server.ServerAdvancementManager/]: Parsing error loading custom advancement spartanaether:recipes/combat/aetherite_quarterstaff_smithing: Unknown item id 'aethergearexpansion:aetherite_ingot'
[16May2026 01:14:26.859] [main/ERROR] [net.minecraft.server.ServerAdvancementManager/]: Parsing error loading custom advancement spartanaether:recipes/combat/aetherite_dagger_repairing: Unknown item id 'spartanaether:aetherite_dagger'
[16May2026 01:14:26.866] [main/ERROR] [net.minecraft.server.ServerAdvancementManager/]: Parsing error loading custom advancement spartanaether:recipes/combat/aetherite_pike_smithing: Unknown item id 'aethergearexpansion:aetherite_ingot'
[16May2026 01:14:26.883] [main/ERROR] [net.minecraft.server.ServerAdvancementManager/]: Parsing error loading custom advancement spartanaether:recipes/combat/aetherite_parrying_dagger_repairing: Unknown item id 'spartanaether:aetherite_parrying_dagger'
[16May2026 01:14:26.884] [main/ERROR] [net.minecraft.server.ServerAdvancementManager/]: Parsing error loading custom advancement spartanaether:recipes/combat/aetherite_tomahawk_smithing: Unknown item id 'aethergearexpansion:aetherite_ingot'
[16May2026 01:14:26.888] [main/ERROR] [net.minecraft.server.ServerAdvancementManager/]: Parsing error loading custom advancement spartanaether:recipes/combat/aetherite_battle_hammer_repairing: Unknown item id 'spartanaether:aetherite_battle_hammer'
[16May2026 01:14:26.896] [main/ERROR] [net.minecraft.server.ServerAdvancementManager/]: Parsing error loading custom advancement spartanaether:recipes/combat/aetherite_tomahawk_repairing: Unknown item id 'spartanaether:aetherite_tomahawk'
[16May2026 01:14:26.897] [main/ERROR] [net.minecraft.server.ServerAdvancementManager/]: Parsing error loading custom advancement spartanaether:recipes/combat/aetherite_warhammer_smithing: Unknown item id 'aethergearexpansion:aetherite_ingot'
[16May2026 01:14:26.900] [main/ERROR] [net.minecraft.server.ServerAdvancementManager/]: Parsing error loading custom advancement spartanaether:recipes/combat/aetherite_saber_smithing: Unknown item id 'aethergearexpansion:aetherite_ingot'
[16May2026 01:14:26.901] [main/ERROR] [net.minecraft.server.ServerAdvancementManager/]: Parsing error loading custom advancement spartanaether:recipes/combat/aetherite_glaive_smithing: Unknown item id 'aethergearexpansion:aetherite_ingot'
[16May2026 01:14:26.908] [main/ERROR] [net.minecraft.server.ServerAdvancementManager/]: Parsing error loading custom advancement spartanshields:recipes/dark_steel_riot_basic_shield: Unknown item id 'enderio:octadic_capacitor'
[16May2026 01:14:26.909] [main/ERROR] [net.minecraft.server.ServerAdvancementManager/]: Parsing error loading custom advancement overweight_farming:husbandry/peel_overweight_onion: Failed to parse 'location' field
[16May2026 01:14:26.910] [main/ERROR] [net.minecraft.server.ServerAdvancementManager/]: Parsing error loading custom advancement spartanaether:recipes/combat/aetherite_katana_repairing: Unknown item id 'spartanaether:aetherite_katana'
[16May2026 01:14:26.911] [main/ERROR] [net.minecraft.server.ServerAdvancementManager/]: Parsing error loading custom advancement spartanaether:recipes/combat/aetherite_flanged_mace_repairing: Unknown item id 'spartanaether:aetherite_flanged_mace'
[16May2026 01:14:26.914] [main/ERROR] [net.minecraft.server.ServerAdvancementManager/]: Parsing error loading custom advancement spartanaether:recipes/combat/aetherite_lance_smithing: Unknown item id 'aethergearexpansion:aetherite_ingot'
[16May2026 01:14:26.915] [main/ERROR] [net.minecraft.server.ServerAdvancementManager/]: Parsing error loading custom advancement spartanaether:recipes/combat/aetherite_longsword_smithing: Unknown item id 'aethergearexpansion:aetherite_ingot'
[16May2026 01:14:26.919] [main/ERROR] [net.minecraft.server.ServerAdvancementManager/]: Parsing error loading custom advancement overweight_farming:recipes/apply_fullmetal_directly_to_compost: Unknown item id 'farmersdelight:straw'
[16May2026 01:14:26.923] [main/ERROR] [net.minecraft.server.ServerAdvancementManager/]: Parsing error loading custom advancement spartanaether:recipes/combat/aetherite_rapier_smithing: Unknown item id 'aethergearexpansion:aetherite_ingot'
[16May2026 01:14:26.924] [main/ERROR] [net.minecraft.server.ServerAdvancementManager/]: Parsing error loading custom advancement supplementaries:recipes/planter_rich: Unknown item id 'farmersdelight:rich_soil'
[16May2026 01:14:26.935] [main/ERROR] [net.minecraft.server.ServerAdvancementManager/]: Parsing error loading custom advancement spartanaether:recipes/combat/aetherite_spear_smithing: Unknown item id 'aethergearexpansion:aetherite_ingot'
[16May2026 01:14:26.936] [main/ERROR] [net.minecraft.server.ServerAdvancementManager/]: Parsing error loading custom advancement spartanaether:recipes/combat/aetherite_rapier_repairing: Unknown item id 'spartanaether:aetherite_rapier'
[16May2026 01:14:26.939] [main/ERROR] [net.minecraft.server.ServerAdvancementManager/]: Parsing error loading custom advancement spartanaether:recipes/combat/aetherite_longsword_repairing: Unknown item id 'spartanaether:aetherite_longsword'
[16May2026 01:14:26.942] [main/ERROR] [net.minecraft.server.ServerAdvancementManager/]: Parsing error loading custom advancement spartanaether:recipes/combat/aetherite_glaive_repairing: Unknown item id 'spartanaether:aetherite_glaive'
[16May2026 01:14:26.943] [main/ERROR] [net.minecraft.server.ServerAdvancementManager/]: Parsing error loading custom advancement spartanaether:recipes/combat/aetherite_battleaxe_repairing: Unknown item id 'spartanaether:aetherite_battleaxe'
[16May2026 01:14:26.948] [main/ERROR] [net.minecraft.server.ServerAdvancementManager/]: Parsing error loading custom advancement spartanaether:recipes/combat/aetherite_parrying_dagger_smithing: Unknown item id 'aethergearexpansion:aetherite_ingot'
[16May2026 01:14:26.950] [main/ERROR] [net.minecraft.server.ServerAdvancementManager/]: Parsing error loading custom advancement spartanaether:recipes/combat/aetherite_warhammer_repairing: Unknown item id 'spartanaether:aetherite_warhammer'
[16May2026 01:14:26.956] [main/ERROR] [net.minecraft.server.ServerAdvancementManager/]: Parsing error loading custom advancement spartanaether:recipes/combat/aetherite_scythe_repairing: Unknown item id 'spartanaether:aetherite_scythe'
[16May2026 01:14:26.959] [main/ERROR] [net.minecraft.server.ServerAdvancementManager/]: Parsing error loading custom advancement spartanaether:recipes/combat/aetherite_pike_repairing: Unknown item id 'spartanaether:aetherite_pike'
[16May2026 01:14:26.961] [main/ERROR] [net.minecraft.server.ServerAdvancementManager/]: Parsing error loading custom advancement spartanaether:recipes/combat/aetherite_greatsword_repairing: Unknown item id 'spartanaether:aetherite_greatsword'
[16May2026 01:14:26.961] [main/ERROR] [net.minecraft.server.ServerAdvancementManager/]: Parsing error loading custom advancement minecraft:adventure/spear_many_mobs: Unsupported icon type, currently only items are supported (add 'item' key)
[16May2026 01:14:26.962] [main/ERROR] [net.minecraft.server.ServerAdvancementManager/]: Parsing error loading custom advancement spartanaether:recipes/combat/aetherite_throwing_knife_repairing: Unknown item id 'spartanaether:aetherite_throwing_knife'
[16May2026 01:14:26.963] [main/ERROR] [net.minecraft.server.ServerAdvancementManager/]: Parsing error loading custom advancement spartanaether:recipes/combat/aetherite_dagger_smithing: Unknown item id 'aethergearexpansion:aetherite_ingot'
[16May2026 01:14:26.963] [main/ERROR] [net.minecraft.server.ServerAdvancementManager/]: Parsing error loading custom advancement spartanaether:recipes/combat/aetherite_spear_repairing: Unknown item id 'spartanaether:aetherite_spear'
[16May2026 01:14:26.968] [main/ERROR] [net.minecraft.server.ServerAdvancementManager/]: Parsing error loading custom advancement spartanaether:recipes/combat/aetherite_throwing_knife_smithing: Unknown item id 'aethergearexpansion:aetherite_ingot'
[16May2026 01:14:26.969] [main/ERROR] [net.minecraft.server.ServerAdvancementManager/]: Parsing error loading custom advancement spartanaether:recipes/combat/aetherite_heavy_crossbow_smithing: Unknown item id 'aethergearexpansion:aetherite_ingot'
[16May2026 01:14:26.972] [main/ERROR] [net.minecraft.server.ServerAdvancementManager/]: Parsing error loading custom advancement spartanshields:recipes/dark_steel_riot_tower_shield: Unknown item id 'enderio:octadic_capacitor'
[16May2026 01:14:26.977] [main/ERROR] [net.minecraft.server.ServerAdvancementManager/]: Parsing error loading custom advancement spartanshields:recipes/basic_mekanists_basic_shield: Unknown item id 'mekanism:energy_tablet'
[16May2026 01:14:26.981] [main/ERROR] [net.minecraft.server.ServerAdvancementManager/]: Parsing error loading custom advancement legendary_monsters:defeat_ambusher: Expected item to be an item, was unknown string 'legendary_monsters:ancient_dripstone_shard'
[16May2026 01:14:26.986] [main/ERROR] [net.minecraft.server.ServerAdvancementManager/]: Parsing error loading custom advancement spartanaether:recipes/combat/aetherite_scythe_smithing: Unknown item id 'aethergearexpansion:aetherite_ingot'
[16May2026 01:14:26.986] [main/ERROR] [net.minecraft.server.ServerAdvancementManager/]: Parsing error loading custom advancement spartanaether:recipes/combat/aetherite_katana_smithing: Unknown item id 'aethergearexpansion:aetherite_ingot'
[16May2026 01:14:26.987] [main/ERROR] [net.minecraft.server.ServerAdvancementManager/]: Parsing error loading custom advancement beautify:progression/candelabra: Expected item to be an item, was unknown string 'beautify:lamp_candleabra'
[16May2026 01:14:27.030] [main/ERROR] [net.minecraft.advancements.AdvancementList/]: Couldn't load advancement terramity:ocarina_advancement: Task Advancement{parentId=terramity:prismatic_jewel_advancement, display=net.minecraft.advancements.DisplayInfo@6fe7bb71, rewards=AdvancementRewards{experience=60, loot=[], recipes=[], function=net.minecraft.commands.CommandFunction$CacheableFunction@6c883f0b}, criteria={ocarina_advancement_0=net.minecraft.advancements.Criterion@547036b7}, requirements=[[ocarina_advancement_0]], sends_telemetry_event=false}
[16May2026 01:14:27.030] [main/ERROR] [net.minecraft.advancements.AdvancementList/]: Couldn't load advancement terramity:fairy_advancement: Task Advancement{parentId=terramity:deleted_mod_element, display=net.minecraft.advancements.DisplayInfo@2a1a0550, rewards=AdvancementRewards{experience=0, loot=[], recipes=[], function=net.minecraft.commands.CommandFunction$CacheableFunction@6c883f0b}, criteria={fairy_advancement_0=net.minecraft.advancements.Criterion@45c1a413}, requirements=[[fairy_advancement_0]], sends_telemetry_event=false}
[16May2026 01:14:27.030] [main/ERROR] [net.minecraft.advancements.AdvancementList/]: Couldn't load advancement terramity:frenzied_flame_advancement: Task Advancement{parentId=terramity:prismatic_jewel_advancement, display=net.minecraft.advancements.DisplayInfo@458fdaca, rewards=AdvancementRewards{experience=100, loot=[], recipes=[], function=net.minecraft.commands.CommandFunction$CacheableFunction@6c883f0b}, criteria={frenzied_flame_advancement_0=net.minecraft.advancements.Criterion@d260f54}, requirements=[[frenzied_flame_advancement_0]], sends_telemetry_event=false}
[16May2026 01:14:27.030] [main/ERROR] [net.minecraft.advancements.AdvancementList/]: Couldn't load advancement terramity:prismatic_jewel_advancement: Task Advancement{parentId=terramity:fairy_advancement, display=net.minecraft.advancements.DisplayInfo@51cd6616, rewards=AdvancementRewards{experience=0, loot=[], recipes=[], function=net.minecraft.commands.CommandFunction$CacheableFunction@6c883f0b}, criteria={prismatic_jewel_advancement_0=net.minecraft.advancements.Criterion@6cac8fd4}, requirements=[[prismatic_jewel_advancement_0]], sends_telemetry_event=false}
[16May2026 01:14:27.030] [main/ERROR] [net.minecraft.advancements.AdvancementList/]: Couldn't load advancement terramity:angel_feather_advancement: Task Advancement{parentId=terramity:prismatic_jewel_advancement, display=net.minecraft.advancements.DisplayInfo@74b41b53, rewards=AdvancementRewards{experience=20, loot=[], recipes=[], function=net.minecraft.commands.CommandFunction$CacheableFunction@6c883f0b}, criteria={angel_feather_advancement_0=net.minecraft.advancements.Criterion@7ceef83e}, requirements=[[angel_feather_advancement_0]], sends_telemetry_event=false}
[16May2026 01:14:27.030] [main/ERROR] [net.minecraft.advancements.AdvancementList/]: Couldn't load advancement terramity:microcosm_advancement: Task Advancement{parentId=terramity:prismatic_jewel_advancement, display=net.minecraft.advancements.DisplayInfo@7ddd0858, rewards=AdvancementRewards{experience=20, loot=[], recipes=[], function=net.minecraft.commands.CommandFunction$CacheableFunction@6c883f0b}, criteria={microcosm_advancement_0=net.minecraft.advancements.Criterion@76f920d5}, requirements=[[microcosm_advancement_0]], sends_telemetry_event=false}
[16May2026 01:14:27.031] [main/ERROR] [net.minecraft.advancements.AdvancementList/]: Couldn't load advancement terramity:opaline_moonstone_advancement: Task Advancement{parentId=terramity:prismatic_jewel_advancement, display=net.minecraft.advancements.DisplayInfo@4707b406, rewards=AdvancementRewards{experience=20, loot=[], recipes=[], function=net.minecraft.commands.CommandFunction$CacheableFunction@6c883f0b}, criteria={opaline_moonstone_advancement_0=net.minecraft.advancements.Criterion@7847cbbb}, requirements=[[opaline_moonstone_advancement_0]], sends_telemetry_event=false}
[16May2026 01:14:27.031] [main/INFO] [net.minecraft.advancements.AdvancementList/]: Loaded 9886 advancements
[16May2026 01:14:27.049] [main/INFO] [top.theillusivec4.curios.Curios/]: Loaded 19 curio slots
[16May2026 01:14:27.052] [main/ERROR] [top.theillusivec4.curios.Curios/]: talisman is not a registered slot type!
[16May2026 01:14:27.053] [main/ERROR] [top.theillusivec4.curios.Curios/]: feet is not a registered slot type!
[16May2026 01:14:27.053] [main/ERROR] [top.theillusivec4.curios.Curios/]: feet is not a registered slot type!
[16May2026 01:14:27.054] [main/INFO] [top.theillusivec4.curios.Curios/]: Loaded 9 curio entities
[16May2026 01:14:27.055] [main/ERROR] [bettervillage/]: Ice And Fire compatibility is not enabled for Better Village and Ice And Fire is present in your mod list.
     - Please install the datapack for better compatibility between Better Villages and Ice And Fire.
     - You can find the datapack URL in the `compatibility` section of the Better Villages description.
     - URL=https://www.curseforge.com/minecraft/mc-mods/better-village-forge
[16May2026 01:14:27.062] [main/INFO] [Supplementaries/]: Loaded 27 flute songs
[16May2026 01:14:27.079] [main/WARN] [net.minecraftforge.common.loot.LootModifierManager/]: Could not decode GlobalLootModifier with json id pamhc2crops:fern_drops - error: Not a JSON object: null
[16May2026 01:14:27.080] [main/WARN] [net.minecraftforge.common.loot.LootModifierManager/]: Could not decode GlobalLootModifier with json id pamhc2crops:grass_drops - error: Not a JSON object: null
[16May2026 01:14:27.080] [main/WARN] [net.minecraftforge.common.loot.LootModifierManager/]: Could not decode GlobalLootModifier with json id pamhc2crops:tall_grass_drops - error: Not a JSON object: null
[16May2026 01:14:27.085] [main/INFO] [Dungeon Now Loading/]: Loaded 11 spawn pools.
[16May2026 01:14:27.087] [main/INFO] [Dungeon Now Loading/]: Loaded 23 spawn nodes.
[16May2026 01:14:27.105] [main/INFO] [twilightforest/]: Loaded 9 Stalactite configs!
[16May2026 01:14:27.244] [main/WARN] [net.minecraft.core.MappedRegistry/]: Not all defined tags for registry ResourceKey[minecraft:root / minecraft:worldgen/biome] are present in data pack: forge:is_savanna
[16May2026 01:14:27.340] [main/INFO] [Spartan Weaponry/]: Finished initialising Weapon Traits & Attributes! Took 11.461348ms
[16May2026 01:14:27.349] [main/INFO] [Moonlight/]: Applied 18 data villager trades
[16May2026 01:14:27.509] [main/INFO] [Supplementaries/]: Finished additional setup in 0 ms
[16May2026 01:14:27.615] [main/INFO] [org.betterx.worlds.together.util.Logger/]: [bclib] [datagen] register BCLBiome minecraft:end_highlands
[16May2026 01:14:27.615] [main/INFO] [org.betterx.worlds.together.util.Logger/]: [bclib] [datagen] register BCLBiome minecraft:end_midlands
[16May2026 01:14:27.615] [main/INFO] [org.betterx.worlds.together.util.Logger/]: [bclib] [datagen] register BCLBiome minecraft:end_barrens
[16May2026 01:14:27.615] [main/INFO] [org.betterx.worlds.together.util.Logger/]: [bclib] [datagen] register BCLBiome minecraft:small_end_islands
[16May2026 01:14:27.615] [main/INFO] [org.betterx.worlds.together.util.Logger/]: [bclib] [datagen] register BCLBiome minecraft:the_end
[16May2026 01:14:27.616] [main/WARN] [org.betterx.worlds.together.util.Logger/]: [worlds_together] Failed to import TerraBlender end biomes: java.lang.ClassNotFoundException: terrablender.api.EndBiomeRegistry
[16May2026 01:14:27.616] [main/INFO] [org.betterx.worlds.together.util.Logger/]: [bclib] Updating Pickers for BCLib - The End  BiomeSource (3544f1c8)
[16May2026 01:14:27.619] [main/WARN] [org.betterx.worlds.together.util.Logger/]: [bclib] Unable to read TerraBlender end biome registry: java.lang.ClassNotFoundException: terrablender.api.EndBiomeRegistry
[16May2026 01:14:27.625] [main/INFO] [org.betterx.worlds.together.util.Logger/]: [bclib] [datagen] register BCLBiome minecraft:nether_wastes
[16May2026 01:14:27.625] [main/INFO] [org.betterx.worlds.together.util.Logger/]: [bclib] [datagen] register BCLBiome minecraft:soul_sand_valley
[16May2026 01:14:27.625] [main/INFO] [org.betterx.worlds.together.util.Logger/]: [bclib] [datagen] register BCLBiome minecraft:crimson_forest
[16May2026 01:14:27.625] [main/INFO] [org.betterx.worlds.together.util.Logger/]: [bclib] [datagen] register BCLBiome minecraft:warped_forest
[16May2026 01:14:27.626] [main/INFO] [org.betterx.worlds.together.util.Logger/]: [bclib] [datagen] register BCLBiome minecraft:basalt_deltas
[16May2026 01:14:27.626] [main/INFO] [org.betterx.worlds.together.util.Logger/]: [bclib] [datagen] register BCLBiome biomesoplenty:crystalline_chasm
[16May2026 01:14:27.626] [main/INFO] [org.betterx.worlds.together.util.Logger/]: [bclib] [datagen] register BCLBiome biomesoplenty:erupting_inferno
[16May2026 01:14:27.626] [main/INFO] [org.betterx.worlds.together.util.Logger/]: [bclib] [datagen] register BCLBiome biomesoplenty:undergrowth
[16May2026 01:14:27.626] [main/INFO] [org.betterx.worlds.together.util.Logger/]: [bclib] [datagen] register BCLBiome biomesoplenty:visceral_heap
[16May2026 01:14:27.627] [main/INFO] [org.betterx.worlds.together.util.Logger/]: [bclib] [datagen] register BCLBiome biomesoplenty:withered_abyss
[16May2026 01:14:27.627] [main/INFO] [org.betterx.worlds.together.util.Logger/]: [bclib] [datagen] register BCLBiome regions_unexplored:mycotoxic_undergrowth
[16May2026 01:14:27.627] [main/INFO] [org.betterx.worlds.together.util.Logger/]: [bclib] [datagen] register BCLBiome regions_unexplored:blackstone_basin
[16May2026 01:14:27.627] [main/INFO] [org.betterx.worlds.together.util.Logger/]: [bclib] [datagen] register BCLBiome regions_unexplored:infernal_holt
[16May2026 01:14:27.627] [main/INFO] [org.betterx.worlds.together.util.Logger/]: [bclib] [datagen] register BCLBiome regions_unexplored:glistering_meadow
[16May2026 01:14:27.627] [main/INFO] [org.betterx.worlds.together.util.Logger/]: [bclib] [datagen] register BCLBiome regions_unexplored:redstone_abyss
[16May2026 01:14:27.629] [main/INFO] [org.betterx.worlds.together.util.Logger/]: [bclib] Updating Pickers for BCLib - Nether BiomeSource (469dd6e4)
[16May2026 01:14:27.632] [main/WARN] [ModernFix/]: Initial datapack load took 14.70 s
[16May2026 01:14:27.940] [Server thread/INFO] [net.minecraft.server.dedicated.DedicatedServer/]: Starting minecraft server version 1.20.1
[16May2026 01:14:27.941] [Server thread/INFO] [net.minecraft.server.dedicated.DedicatedServer/]: Loading properties
[16May2026 01:14:27.942] [Server thread/INFO] [net.minecraft.server.dedicated.DedicatedServer/]: Default game type: SURVIVAL
[16May2026 01:14:27.942] [Server thread/INFO] [net.minecraft.server.MinecraftServer/]: Generating keypair
[16May2026 01:14:28.110] [Server thread/INFO] [net.minecraft.server.dedicated.DedicatedServer/]: Starting Minecraft server on *:25565
[16May2026 01:14:28.160] [Server thread/INFO] [net.minecraft.server.network.ServerConnectionListener/]: Using epoll channel type
[16May2026 01:14:28.391] [Server thread/WARN] [net.minecraft.server.dedicated.DedicatedServer/]: **** SERVER IS RUNNING IN OFFLINE/INSECURE MODE!
[16May2026 01:14:28.391] [Server thread/WARN] [net.minecraft.server.dedicated.DedicatedServer/]: The server will make no attempt to authenticate usernames. Beware.
[16May2026 01:14:28.391] [Server thread/WARN] [net.minecraft.server.dedicated.DedicatedServer/]: While this makes the game possible to play without internet access, it also opens up the ability for hackers to connect with any username they choose.
[16May2026 01:14:28.392] [Server thread/WARN] [net.minecraft.server.dedicated.DedicatedServer/]: To change this, set "online-mode" to "true" in the server.properties file.
[16May2026 01:14:28.401] [Server thread/INFO] [org.betterx.worlds.together.util.Logger/]: [betternether] Freeze Registry[ResourceKey[minecraft:root / worlds_together:worldgen/betterx/surface_rules] (Stable)]
[16May2026 01:14:28.413] [Server thread/INFO] [Puzzles Lib/]: Loading server config for puzzlesapi
[16May2026 01:14:28.420] [Server thread/INFO] [Puzzles Lib/]: Loading server config for illagerinvasion
[16May2026 01:14:28.433] [Server thread/INFO] [journeymap/]: Loading JourneyMap Forge Configs
[16May2026 01:14:30.148] [Server thread/INFO] [terrablender/]: Initialized TerraBlender biomes for level stem minecraft:overworld
[16May2026 01:14:30.150] [Server thread/INFO] [terrablender/]: Initialized TerraBlender biomes for level stem aether:the_aether
[16May2026 01:14:30.151] [Server thread/INFO] [net.minecraft.server.dedicated.DedicatedServer/]: Preparing level "world"
[16May2026 01:14:30.159] [Server thread/INFO] [org.betterx.worlds.together.util.Logger/]: [bclib] 
Apply Modifications for minecraft:the_end
    BCLib - The End  BiomeSource (3544f1c8)
        biomes     = 5
        namespaces = minecraft(5)
        seed       = -5595910202970719461
        height     = 128
        deciders   = 0
        config     = BCLEndBiomeSourceConfig{mapVersion=hex, generatorVersion=vanilla, withVoidBiomes=true, innerVoidRadiusSquared=1048576, voidBiomesSize=256, centerBiomesSize=256, landBiomesSize=256, barrensBiomesSize=256}
[16May2026 01:14:30.165] [Server thread/INFO] [org.betterx.worlds.together.util.Logger/]: [bclib] 
Apply Modifications for minecraft:overworld
    MultiNoiseBiomeSource (25f8daef)
        biomes     = 334
        namespaces = minecraft(55), terralith(94), ancient_elements(1), terramity(1), terrablender(1), biomesoplenty(61), biomeswevegone(53), yungscavebiomes(2), regions_unexplored(66)
[16May2026 01:14:30.166] [Server thread/INFO] [org.betterx.worlds.together.util.Logger/]: [bclib] 
Apply Modifications for deeperdarker:otherside
    MultiNoiseBiomeSource (16833f8b)
        biomes     = 4
        namespaces = deeperdarker(4)
[16May2026 01:14:30.167] [Server thread/INFO] [org.betterx.worlds.together.util.Logger/]: [bclib] 
Apply Modifications for minecraft:the_nether
    BCLib - Nether BiomeSource (469dd6e4)
        biomes     = 37
        namespaces = regions_unexplored(5), betternether(22), biomesoplenty(5), minecraft(5)
        seed       = -5595910202970719461
        height     = 128
        config     = BCLibNetherBiomeSourceConfig{mapVersion=hex, useVerticalBiomes=true, amplified=false, biomeSize=256, biomeSizeVertical=86}
[16May2026 01:14:30.170] [Server thread/INFO] [org.betterx.worlds.together.util.Logger/]: [bclib] 
Apply Modifications for aether:the_aether
    MultiNoiseBiomeSource (2d1f1bcd)
        biomes     = 13
        namespaces = aether(4), deep_aether(9)
[16May2026 01:14:30.171] [Server thread/INFO] [org.betterx.worlds.together.util.Logger/]: [bclib] 
Apply Modifications for twilightforest:twilight_forest
    TFBiomeProvider (205bf78d)
        biomes     = 21
        namespaces = twilightforest(21)
[16May2026 01:14:30.171] [Server thread/INFO] [org.betterx.worlds.together.util.Logger/]: [bclib] World Dimensions: 
 - minecraft:the_end: 
     BCLib - Chunk Generator (6cf7def6) 
     BCLib - The End  BiomeSource (3544f1c8)
         biomes     = 5
         namespaces = minecraft(5)
         seed       = -5595910202970719461
         height     = 128
         deciders   = 0
         config     = BCLEndBiomeSourceConfig{mapVersion=hex, generatorVersion=vanilla, withVoidBiomes=true, innerVoidRadiusSquared=1048576, voidBiomesSize=256, centerBiomesSize=256, landBiomesSize=256, barrensBiomesSize=256}
 - minecraft:overworld: 
     net.minecraft.world.level.levelgen.NoiseBasedChunkGenerator@3b285d65 
     MultiNoiseBiomeSource (25f8daef)
         biomes     = 334
         namespaces = minecraft(55), terralith(94), ancient_elements(1), terramity(1), terrablender(1), biomesoplenty(61), biomeswevegone(53), yungscavebiomes(2), regions_unexplored(66)
 - deeperdarker:otherside: 
     net.minecraft.world.level.levelgen.NoiseBasedChunkGenerator@70599e46 
     MultiNoiseBiomeSource (16833f8b)
         biomes     = 4
         namespaces = deeperdarker(4)
 - minecraft:the_nether: 
     BCLib - Chunk Generator (3307cdde) 
     BCLib - Nether BiomeSource (469dd6e4)
         biomes     = 37
         namespaces = regions_unexplored(5), betternether(22), biomesoplenty(5), minecraft(5)
         seed       = -5595910202970719461
         height     = 128
         config     = BCLibNetherBiomeSourceConfig{mapVersion=hex, useVerticalBiomes=true, amplified=false, biomeSize=256, biomeSizeVertical=86}
 - aether:the_aether: 
     net.minecraft.world.level.levelgen.NoiseBasedChunkGenerator@58e25682 
     MultiNoiseBiomeSource (2d1f1bcd)
         biomes     = 13
         namespaces = aether(4), deep_aether(9)
 - twilightforest:twilight_forest: 
     twilightforest.world.components.chunkgenerators.ChunkGeneratorTwilight@32b71fad 
     TFBiomeProvider (205bf78d)
         biomes     = 21
         namespaces = twilightforest(21)
[16May2026 01:14:30.178] [Server thread/INFO] [org.betterx.worlds.together.util.Logger/]: [bclib] Merged 22 additional Surface Rules for 
BCLib - Nether BiomeSource (469dd6e4)
    biomes     = 37
    namespaces = regions_unexplored(5), betternether(22), biomesoplenty(5), minecraft(5)
    seed       = -5595910202970719461
    height     = 128
    config     = BCLibNetherBiomeSourceConfig{mapVersion=hex, useVerticalBiomes=true, amplified=false, biomeSize=256, biomeSizeVertical=86} => 74
[16May2026 01:14:30.255] [Server thread/INFO] [CheckedThreadLocalRandom/]: Enforcing safe world random access
[16May2026 01:14:30.415] [Server thread/INFO] [mixin/]: Instancing error handler class com.illusivesoulworks.polymorph.mixin.IntegratedMixinPlugin
[16May2026 01:14:30.416] [Server thread/WARN] [mixin/]: Mixin apply failed betterchunkloading.mixins.json:ChunkMapViewDistanceFixed -> net.minecraft.server.level.DistanceManager: org.spongepowered.asm.mixin.injection.throwables.InvalidInjectionException @At("INVOKE") on net/minecraft/server/level/DistanceManager::onSetViewDistance with priority 200 cannot inject into net/minecraft/server/level/DistanceManager::m_140777_(I)V merged by com.ishland.c2me.notickvd.mixin.MixinChunkTicketManager with priority 1100 [ -> modify$ddh000$onSetViewDistance(I)I -> Prepare]
org.spongepowered.asm.mixin.injection.throwables.InvalidInjectionException: @At("INVOKE") on net/minecraft/server/level/DistanceManager::onSetViewDistance with priority 200 cannot inject into net/minecraft/server/level/DistanceManager::m_140777_(I)V merged by com.ishland.c2me.notickvd.mixin.MixinChunkTicketManager with priority 1100 [ -> modify$ddh000$onSetViewDistance(I)I -> Prepare]
	at org.spongepowered.asm.mixin.injection.code.Injector.findTargetNodes(Injector.java:305) ~[mixin-0.8.5.jar%2365!/:0.8.5+Jenkins-b310.git-155314e6e91465dad727e621a569906a410cd6f4]
	at org.spongepowered.asm.mixin.injection.code.Injector.find(Injector.java:240) ~[mixin-0.8.5.jar%2365!/:0.8.5+Jenkins-b310.git-155314e6e91465dad727e621a569906a410cd6f4]
	at org.spongepowered.asm.mixin.injection.struct.InjectionInfo.prepare(InjectionInfo.java:421) ~[mixin-0.8.5.jar%2365!/:0.8.5+Jenkins-b310.git-155314e6e91465dad727e621a569906a410cd6f4]
	at org.spongepowered.asm.mixin.transformer.MixinTargetContext.prepareInjections(MixinTargetContext.java:1319) ~[mixin-0.8.5.jar%2365!/:0.8.5+Jenkins-b310.git-155314e6e91465dad727e621a569906a410cd6f4]
	at org.spongepowered.asm.mixin.transformer.MixinApplicatorStandard.prepareInjections(MixinApplicatorStandard.java:1042) ~[mixin-0.8.5.jar%2365!/:0.8.5+Jenkins-b310.git-155314e6e91465dad727e621a569906a410cd6f4]
	at org.spongepowered.asm.mixin.transformer.MixinApplicatorStandard.applyMixin(MixinApplicatorStandard.java:393) ~[mixin-0.8.5.jar%2365!/:0.8.5+Jenkins-b310.git-155314e6e91465dad727e621a569906a410cd6f4]
	at org.spongepowered.asm.mixin.transformer.MixinApplicatorStandard.apply(MixinApplicatorStandard.java:325) ~[mixin-0.8.5.jar%2365!/:0.8.5+Jenkins-b310.git-155314e6e91465dad727e621a569906a410cd6f4]
	at org.spongepowered.asm.mixin.transformer.TargetClassContext.apply(TargetClassContext.java:383) ~[mixin-0.8.5.jar%2365!/:0.8.5+Jenkins-b310.git-155314e6e91465dad727e621a569906a410cd6f4]
	at org.spongepowered.asm.mixin.transformer.TargetClassContext.applyMixins(TargetClassContext.java:365) ~[mixin-0.8.5.jar%2365!/:0.8.5+Jenkins-b310.git-155314e6e91465dad727e621a569906a410cd6f4]
	at org.spongepowered.asm.mixin.transformer.MixinProcessor.applyMixins(MixinProcessor.java:363) ~[mixin-0.8.5.jar%2365!/:0.8.5+Jenkins-b310.git-155314e6e91465dad727e621a569906a410cd6f4]
	at org.spongepowered.asm.mixin.transformer.MixinTransformer.transformClass(MixinTransformer.java:250) ~[mixin-0.8.5.jar%2365!/:0.8.5+Jenkins-b310.git-155314e6e91465dad727e621a569906a410cd6f4]
	at org.spongepowered.asm.service.modlauncher.MixinTransformationHandler.processClass(MixinTransformationHandler.java:131) ~[mixin-0.8.5.jar%2365!/:0.8.5+Jenkins-b310.git-155314e6e91465dad727e621a569906a410cd6f4]
	at org.spongepowered.asm.launch.MixinLaunchPluginLegacy.processClass(MixinLaunchPluginLegacy.java:131) ~[mixin-0.8.5.jar%2365!/:0.8.5+Jenkins-b310.git-155314e6e91465dad727e621a569906a410cd6f4]
	at cpw.mods.modlauncher.serviceapi.ILaunchPluginService.processClassWithFlags(ILaunchPluginService.java:156) ~[modlauncher-10.0.9.jar%2355!/:10.0.9+10.0.9+main.dcd20f30]
	at cpw.mods.modlauncher.LaunchPluginHandler.offerClassNodeToPlugins(LaunchPluginHandler.java:88) ~[modlauncher-10.0.9.jar%2355!/:?]
	at cpw.mods.modlauncher.ClassTransformer.transform(ClassTransformer.java:120) ~[modlauncher-10.0.9.jar%2355!/:?]
	at cpw.mods.modlauncher.TransformingClassLoader.maybeTransformClassBytes(TransformingClassLoader.java:50) ~[modlauncher-10.0.9.jar%2355!/:?]
	at cpw.mods.cl.ModuleClassLoader.readerToClass(ModuleClassLoader.java:113) ~[securejarhandler-2.1.10.jar:?]
	at cpw.mods.cl.ModuleClassLoader.lambda$findClass$15(ModuleClassLoader.java:219) ~[securejarhandler-2.1.10.jar:?]
	at cpw.mods.cl.ModuleClassLoader.loadFromModule(ModuleClassLoader.java:229) ~[securejarhandler-2.1.10.jar:?]
	at cpw.mods.cl.ModuleClassLoader.findClass(ModuleClassLoader.java:219) ~[securejarhandler-2.1.10.jar:?]
	at cpw.mods.cl.ModuleClassLoader.loadClass(ModuleClassLoader.java:135) ~[securejarhandler-2.1.10.jar:?]
	at java.lang.ClassLoader.loadClass(ClassLoader.java:525) ~[?:?]
	at net.minecraft.server.level.ServerChunkCache.<init>(ServerChunkCache.java:77) ~[server-1.20.1-20230612.114412-srg.jar%23506!/:?]
	at net.minecraft.server.level.ServerLevel.mixinextras$bridge$newServerChunkCache$219(ServerLevel.java) ~[server-1.20.1-20230612.114412-srg.jar%23506!/:?]
	at net.minecraft.server.level.ServerLevel.wrapOperation$dbg000$ml$assignFakeChunkCache(ServerLevel.java:13664) ~[server-1.20.1-20230612.114412-srg.jar%23506!/:?]
	at net.minecraft.server.level.ServerLevel.<init>(ServerLevel.java:209) ~[server-1.20.1-20230612.114412-srg.jar%23506!/:?]
	at net.minecraft.server.MinecraftServer.m_129815_(MinecraftServer.java:337) ~[server-1.20.1-20230612.114412-srg.jar%23506!/:?]
	at net.minecraft.server.MinecraftServer.m_130006_(MinecraftServer.java:308) ~[server-1.20.1-20230612.114412-srg.jar%23506!/:?]
	at net.minecraft.server.dedicated.DedicatedServer.m_7038_(DedicatedServer.java:164) ~[server-1.20.1-20230612.114412-srg.jar%23506!/:?]
	at net.minecraft.server.MinecraftServer.m_130011_(MinecraftServer.java:634) ~[server-1.20.1-20230612.114412-srg.jar%23506!/:?]
	at net.minecraft.server.MinecraftServer.m_206580_(MinecraftServer.java:251) ~[server-1.20.1-20230612.114412-srg.jar%23506!/:?]
	at java.lang.Thread.run(Thread.java:840) ~[?:?]
[16May2026 01:14:30.757] [Server thread/INFO] [com.cupboard.Cupboard/]: Loaded config for: betterchunkloading.json
[16May2026 01:14:35.533] [Server thread/WARN] [com.structureessentials.StructureEssentials/]: Non-unique structure_set salt:0 potentially creating overlapping structures detected. Structure sets: [twilightforest:dark_tower, minecraft:mineshafts, twilightforest:final_castle, twilightforest:large_hollow_hill, twilightforest:mushroom_tower, twilightforest:hedge_maze, minecraft:buried_treasures, twilightforest:aurora_palace, twilightforest:naga_courtyard, twilightforest:lich_tower, twilightforest:labyrinth, twilightforest:yeti_cave, twilightforest:quest_grove, twilightforest:small_hollow_hill, minecraft:strongholds, twilightforest:troll_cave, twilightforest:medium_hollow_hill, twilightforest:knight_stronghold, twilightforest:hydra_lair]
[16May2026 01:14:35.534] [Server thread/WARN] [com.structureessentials.StructureEssentials/]: Non-unique structure_set salt:1994267089 potentially creating overlapping structures detected. Structure sets: [beautify:botanist_house_snowy, beautify:botanist_house_savanna, beautify:botanist_house_plains, beautify:botanist_house_taiga, beautify:botanist_house_desert]
[16May2026 01:14:35.534] [Server thread/WARN] [com.structureessentials.StructureEssentials/]: Non-unique structure_set salt:783 potentially creating overlapping structures detected. Structure sets: [nova_structures:taverns, nova_structures:badlands_miner_outpost]
[16May2026 01:14:35.535] [Server thread/WARN] [com.structureessentials.StructureEssentials/]: Non-unique structure_set salt:10387312 potentially creating overlapping structures detected. Structure sets: [minecraft:villages, nova_structures:villages_jungle, nova_structures:villages_swamp]
[16May2026 01:14:35.535] [Server thread/WARN] [com.structureessentials.StructureEssentials/]: Non-unique structure_set salt:2358902 potentially creating overlapping structures detected. Structure sets: [terralith:mage, terralith:regular]
[16May2026 01:14:35.535] [Server thread/WARN] [com.structureessentials.StructureEssentials/]: Non-unique structure_set salt:100922847 potentially creating overlapping structures detected. Structure sets: [mns:medium_house, mns:medium_house_2]
[16May2026 01:14:35.535] [Server thread/WARN] [com.structureessentials.StructureEssentials/]: Non-unique structure_set salt:10387313 potentially creating overlapping structures detected. Structure sets: [minecraft:ocean_monuments, minecraft:end_cities]
[16May2026 01:14:35.536] [Server thread/WARN] [com.structureessentials.StructureEssentials/]: Non-unique structure_set salt:239021 potentially creating overlapping structures detected. Structure sets: [nova_structures:desert_ruins, nova_structures:jungle_ruins]
[16May2026 01:14:35.536] [Server thread/WARN] [com.structureessentials.StructureEssentials/]: Non-unique structure_set salt:784827271 potentially creating overlapping structures detected. Structure sets: [betterfortresses:fortress, betteroceanmonuments:ocean_monument]
[16May2026 01:14:35.536] [Server thread/WARN] [com.structureessentials.StructureEssentials/]: Non-unique structure_set salt:44337822 potentially creating overlapping structures detected. Structure sets: [terramity:ancient_outcrop, terramity:sword_shrine]
[16May2026 01:14:35.536] [Server thread/WARN] [com.structureessentials.StructureEssentials/]: Non-unique structure_set salt:5792349 potentially creating overlapping structures detected. Structure sets: [legendary_monsters:ruined_pyramid, legendary_monsters:ancient_stronghold]
[16May2026 01:14:35.537] [Server thread/WARN] [com.structureessentials.StructureEssentials/]: Non-unique structure_set salt:4533232 potentially creating overlapping structures detected. Structure sets: [nova_structures:illager_camp, nova_structures:nether_camps]
[16May2026 01:14:35.538] [Server thread/INFO] [net.regions_unexplored.RegionsUnexploredMod/]: Loading dimension "minecraft:the_nether" with biome source: "bclib:nether_biome_source".
[16May2026 01:14:35.539] [Server thread/INFO] [net.minecraft.server.MinecraftServer/]: Preparing start region for dimension minecraft:overworld
[16May2026 01:14:37.130] [Server thread/INFO] [com.cupboard.Cupboard/]: Loaded config for: limitedchunks.json
[16May2026 01:14:37.411] [Server thread/INFO] [com.cupboard.Cupboard/]: Loaded config for: connectivity.json
[16May2026 01:14:40.209] [Server thread/INFO] [net.minecraft.server.level.progress.LoggerChunkProgressListener/]: Time elapsed: 1074654 ms
[16May2026 01:14:40.210] [Server thread/INFO] [net.minecraft.server.dedicated.DedicatedServer/]: Done (11.804s)! For help, type "help"
[16May2026 01:14:40.644] [Server thread/INFO] [net.minecraftforge.server.permission.PermissionAPI/]: Successfully initialized permission handler forge:default_handler
[16May2026 01:14:40.748] [Server thread/INFO] [com.rajhab.morevanillashields_mod.morevanillashields/]: morevanillashields: This mod is now running on a server. Please report any error or bugs.
[16May2026 01:14:41.055] [Server thread/INFO] [com.github.alexthe666.iceandfire.IceAndFire/]: {iceandfire:fire_dragon_roost=true, iceandfire:fire_lily=true, iceandfire:spawn_dragon_skeleton_fire=true, iceandfire:lightning_dragon_roost=true, iceandfire:spawn_dragon_skeleton_lightning=true, iceandfire:ice_dragon_roost=true, iceandfire:ice_dragon_cave=true, iceandfire:lightning_dragon_cave=true, iceandfire:cyclops_cave=true, iceandfire:spawn_wandering_cyclops=true, iceandfire:spawn_sea_serpent=true, iceandfire:frost_lily=true, iceandfire:hydra_cave=true, iceandfire:lightning_lily=true, iceandfire:pixie_village=true, iceandfire:myrmex_hive_jungle=true, iceandfire:myrmex_hive_desert=true, iceandfire:silver_ore=true, iceandfire:siren_island=true, iceandfire:spawn_dragon_skeleton_ice=true, iceandfire:spawn_stymphalian_bird=true, iceandfire:fire_dragon_cave=true, iceandfire:sapphire_ore=true, iceandfire:spawn_hippocampus=true, iceandfire:spawn_death_worm=true}
[16May2026 01:14:41.061] [Server thread/INFO] [com.github.alexthe666.iceandfire.IceAndFire/]: {TROLL_S=true, HIPPOGRYPH=true, AMPHITHERE=true, COCKATRICE=true, TROLL_M=true, DREAD_LICH=true, TROLL_F=true}
[16May2026 01:14:41.063] [Server thread/INFO] [com.cupboard.Cupboard/]: Loaded config for: chunksending.json
[16May2026 01:14:41.083] [Server thread/INFO] [patchouli/]: Sending reload packet to clients
[16May2026 01:14:41.087] [Server thread/WARN] [ModernFix/]: Dedicated server took 102.935 seconds to load
[16May2026 01:18:02.676] [Server thread/INFO] [net.minecraft.server.players.PlayerList/]: GoezZz759[/100.93.4.119:58032] logged in with entity id 1467 at (20.1515974829523, 72.0, 106.12293116890382)
[16May2026 01:18:02.729] [Server thread/INFO] [org.betterx.worlds.together.util.Logger/]: [betternether] Freeze Registry[ResourceKey[minecraft:root / worlds_together:worldgen/betterx/surface_rules] (Stable)]
[16May2026 01:18:02.758] [Server thread/INFO] [ModernFix/]: Using enhanced recipe sync for player GoezZz759
[16May2026 01:18:02.827] [Server thread/INFO] [net.minecraft.server.MinecraftServer/]: GoezZz759 joined the game
[16May2026 01:18:03.230] [Server thread/INFO] [Jade/]: Syncing config to GoezZz759 (8a3e8d10-31f8-3a79-8892-dedadf7db51b)
[16May2026 01:18:05.377] [Server thread/INFO] [com.alrex.parcool.ParCool/]: Limitation of 8a3e8d10-31f8-3a79-8892-dedadf7db51b was loaded
[16May2026 01:18:05.380] [Server thread/INFO] [com.alrex.parcool.ParCool/]: Sent Server Limitation of [GoezZz759]
[16May2026 01:18:05.381] [Server thread/INFO] [com.alrex.parcool.ParCool/]: Received Client Information of [GoezZz759]
[16May2026 01:18:05.818] [Server thread/INFO] [org.betterx.worlds.together.util.Logger/]: [bclib] Received Hello from Client. (server=20.0.9, client=20.0.9)
[16May2026 01:18:05.821] [Server thread/INFO] [org.betterx.worlds.together.util.Logger/]: [bclib] Sending Hello to Client. (server=20.0.9)
[16May2026 01:18:05.823] [Server thread/INFO] [org.betterx.worlds.together.util.Logger/]: [bclib] 	- Listing Mod betternether v20.0.10 (size: 22.2 MiB, download=true)
[16May2026 01:18:05.824] [Server thread/INFO] [org.betterx.worlds.together.util.Logger/]: [bclib] 	- Listing Mod bclib v20.0.9 (size: 2.1 MiB, download=true)
[16May2026 01:18:05.826] [Server thread/INFO] [org.betterx.worlds.together.util.Logger/]: [bclib] 	- Offering Config bclib.CONFIG_betternether.main
[16May2026 01:18:05.827] [Server thread/INFO] [org.betterx.worlds.together.util.Logger/]: [bclib] 	- Offering Config bclib.CONFIG_betternether.generator
[16May2026 01:18:05.828] [Server thread/INFO] [org.betterx.worlds.together.util.Logger/]: [bclib] 	- Offering Config bclib.CONFIG_betternether.blocks
[16May2026 01:18:05.828] [Server thread/INFO] [org.betterx.worlds.together.util.Logger/]: [bclib] 	- Offering Config bclib.CONFIG_betternether.items
[16May2026 01:18:05.829] [Server thread/INFO] [org.betterx.worlds.together.util.Logger/]: [bclib] 	- Offering Config bclib.CONFIG_betternether.biomes
[16May2026 01:18:05.830] [Server thread/INFO] [org.betterx.worlds.together.util.Logger/]: [bclib] 	- Offering Config bclib.CONFIG_betternether.mobs
[16May2026 01:18:05.830] [Server thread/INFO] [org.betterx.worlds.together.util.Logger/]: [bclib] 	- Offering Config bclib.CONFIG_bclib.generator
[16May2026 01:18:05.830] [Server thread/INFO] [org.betterx.worlds.together.util.Logger/]: [bclib] 	- Offering Config bclib.CONFIG_bclib.main
[16May2026 01:18:05.831] [Server thread/INFO] [org.betterx.worlds.together.util.Logger/]: [bclib] 	- Offering Config bclib.CONFIG_bclib.biomes
[16May2026 01:18:05.831] [Server thread/INFO] [org.betterx.worlds.together.util.Logger/]: [bclib] 	- Offering Folder /workspaces/PROYECTO-DE-RESPONSABILIDAD-SOCIAL-RSU/servidor_minecraft/bclib-sync (allowDelete=true)
[16May2026 01:18:17.991] [Server thread/INFO] [com.alrex.parcool.ParCool/]: Sent Server Limitation of [GoezZz759]
[16May2026 01:18:17.991] [Server thread/INFO] [com.alrex.parcool.ParCool/]: Received Client Information of [GoezZz759]
[16May2026 01:18:47.233] [Server thread/INFO] [com.alrex.parcool.ParCool/]: Sent Server Limitation of [GoezZz759]
[16May2026 01:18:47.234] [Server thread/INFO] [com.alrex.parcool.ParCool/]: Received Client Information of [GoezZz759]
[16May2026 01:19:00.035] [Server thread/INFO] [com.alrex.parcool.ParCool/]: Sent Server Limitation of [GoezZz759]
[16May2026 01:19:00.035] [Server thread/INFO] [com.alrex.parcool.ParCool/]: Received Client Information of [GoezZz759]
[16May2026 01:19:00.754] [Server thread/INFO] [net.minecraft.server.network.ServerGamePacketListenerImpl/]: GoezZz759 lost connection: Disconnected
[16May2026 01:19:00.755] [Server thread/INFO] [net.minecraft.server.MinecraftServer/]: GoezZz759 left the game
[16May2026 01:19:00.758] [Server thread/INFO] [com.alrex.parcool.ParCool/]: Limitation of 8a3e8d10-31f8-3a79-8892-dedadf7db51b was unloaded
[16May2026 01:19:00.789] [Server thread/WARN] [net.minecraft.network.Connection/]: handleDisconnection() called twice
[16May2026 01:19:38.117] [Server thread/INFO] [net.minecraft.server.players.PlayerList/]: GoezZz759[/100.93.4.119:55621] logged in with entity id 1520 at (20.1515974829523, 72.0, 106.12293116890382)
[16May2026 01:19:38.128] [Server thread/INFO] [org.betterx.worlds.together.util.Logger/]: [betternether] Freeze Registry[ResourceKey[minecraft:root / worlds_together:worldgen/betterx/surface_rules] (Stable)]
[16May2026 01:19:38.146] [Server thread/INFO] [ModernFix/]: Using enhanced recipe sync for player GoezZz759
[16May2026 01:19:38.163] [Server thread/INFO] [net.minecraft.server.MinecraftServer/]: GoezZz759 joined the game
[16May2026 01:19:38.247] [Server thread/INFO] [Jade/]: Syncing config to GoezZz759 (8a3e8d10-31f8-3a79-8892-dedadf7db51b)
[16May2026 01:19:39.884] [Server thread/INFO] [com.alrex.parcool.ParCool/]: Limitation of 8a3e8d10-31f8-3a79-8892-dedadf7db51b was loaded
[16May2026 01:19:39.884] [Server thread/INFO] [com.alrex.parcool.ParCool/]: Sent Server Limitation of [GoezZz759]
[16May2026 01:19:39.884] [Server thread/INFO] [com.alrex.parcool.ParCool/]: Received Client Information of [GoezZz759]
[16May2026 01:19:39.922] [Server thread/INFO] [org.betterx.worlds.together.util.Logger/]: [bclib] Received Hello from Client. (server=20.0.9, client=20.0.9)
[16May2026 01:19:39.923] [Server thread/INFO] [org.betterx.worlds.together.util.Logger/]: [bclib] Sending Hello to Client. (server=20.0.9)
[16May2026 01:19:39.923] [Server thread/INFO] [org.betterx.worlds.together.util.Logger/]: [bclib] 	- Listing Mod betternether v20.0.10 (size: 22.2 MiB, download=true)
[16May2026 01:19:39.924] [Server thread/INFO] [org.betterx.worlds.together.util.Logger/]: [bclib] 	- Listing Mod bclib v20.0.9 (size: 2.1 MiB, download=true)
[16May2026 01:19:39.924] [Server thread/INFO] [org.betterx.worlds.together.util.Logger/]: [bclib] 	- Offering Config bclib.CONFIG_betternether.main
[16May2026 01:19:39.924] [Server thread/INFO] [org.betterx.worlds.together.util.Logger/]: [bclib] 	- Offering Config bclib.CONFIG_betternether.generator
[16May2026 01:19:39.924] [Server thread/INFO] [org.betterx.worlds.together.util.Logger/]: [bclib] 	- Offering Config bclib.CONFIG_betternether.blocks
[16May2026 01:19:39.924] [Server thread/INFO] [org.betterx.worlds.together.util.Logger/]: [bclib] 	- Offering Config bclib.CONFIG_betternether.items
[16May2026 01:19:39.925] [Server thread/INFO] [org.betterx.worlds.together.util.Logger/]: [bclib] 	- Offering Config bclib.CONFIG_betternether.biomes
[16May2026 01:19:39.925] [Server thread/INFO] [org.betterx.worlds.together.util.Logger/]: [bclib] 	- Offering Config bclib.CONFIG_betternether.mobs
[16May2026 01:19:39.925] [Server thread/INFO] [org.betterx.worlds.together.util.Logger/]: [bclib] 	- Offering Config bclib.CONFIG_bclib.generator
[16May2026 01:19:39.925] [Server thread/INFO] [org.betterx.worlds.together.util.Logger/]: [bclib] 	- Offering Config bclib.CONFIG_bclib.main
[16May2026 01:19:39.925] [Server thread/INFO] [org.betterx.worlds.together.util.Logger/]: [bclib] 	- Offering Config bclib.CONFIG_bclib.biomes
[16May2026 01:19:39.925] [Server thread/INFO] [org.betterx.worlds.together.util.Logger/]: [bclib] 	- Offering Folder /workspaces/PROYECTO-DE-RESPONSABILIDAD-SOCIAL-RSU/servidor_minecraft/bclib-sync (allowDelete=true)
[16May2026 01:19:52.580] [Server thread/INFO] [com.alrex.parcool.ParCool/]: Sent Server Limitation of [GoezZz759]
[16May2026 01:19:52.581] [Server thread/INFO] [com.alrex.parcool.ParCool/]: Received Client Information of [GoezZz759]
[16May2026 01:20:09.872] [Server thread/INFO] [com.alrex.parcool.ParCool/]: Sent Server Limitation of [GoezZz759]
[16May2026 01:20:09.872] [Server thread/INFO] [com.alrex.parcool.ParCool/]: Received Client Information of [GoezZz759]
[16May2026 01:20:22.669] [Server thread/INFO] [com.alrex.parcool.ParCool/]: Sent Server Limitation of [GoezZz759]
[16May2026 01:20:22.670] [Server thread/INFO] [com.alrex.parcool.ParCool/]: Received Client Information of [GoezZz759]
[16May2026 01:20:28.618] [Server thread/INFO] [net.minecraft.server.MinecraftServer/]: [GoezZz759: Set own game mode to Spectator Mode]
[16May2026 01:20:35.468] [Server thread/INFO] [com.alrex.parcool.ParCool/]: Sent Server Limitation of [GoezZz759]
[16May2026 01:20:35.468] [Server thread/INFO] [com.alrex.parcool.ParCool/]: Received Client Information of [GoezZz759]
[16May2026 01:20:36.167] [Server thread/INFO] [net.minecraft.server.network.ServerGamePacketListenerImpl/]: GoezZz759 lost connection: Timed out
[16May2026 01:20:36.168] [Server thread/INFO] [net.minecraft.server.MinecraftServer/]: GoezZz759 left the game
[16May2026 01:20:36.168] [Server thread/INFO] [com.alrex.parcool.ParCool/]: Limitation of 8a3e8d10-31f8-3a79-8892-dedadf7db51b was unloaded
[16May2026 01:20:36.198] [Server thread/WARN] [net.minecraft.network.Connection/]: handleDisconnection() called twice
